{
  "wix.richContent.isDraftJsonEmpty": "@wix/wix-one-app-rich-content",
  "wix.richContent.onMediaUploadStatusChange": "@wix/wix-one-app-rich-content",
  "wix.platform.general-settings.getProperty": "@wix/wix-one-app-platform",
  "wix.platform.generalInfo.getProperty": "@wix/wix-one-app-platform",
  "wix.platform.general-settings.getProperties": "@wix/wix-one-app-platform",
  "wix.platform.generalInfo.getProperties": "@wix/wix-one-app-platform",
  "wix.platform.generalInfo.setProperty": "@wix/wix-one-app-platform",
  "wix.platform.generalInfo.setProperties": "@wix/wix-one-app-platform",
  "wix.platform.clientApp.setEmptyState": "@wix/wix-one-app-platform",
  "wix.platform.clientApp.showFabHint": "@wix/wix-one-app-platform",
  "wix.platform.clientApp.removeFabHint": "@wix/wix-one-app-platform",
  "wix.platform.showToast": "@wix/wix-one-app-platform",
  "wix.platform.shouldShowNotificationsDisabledBanner": "@wix/wix-one-app-platform",
  "wix.platform.home.openPlace": "@wix/wix-one-app-platform",
  "wix.platform.home.markNewBusiness": "@wix/wix-one-app-platform",
  "wix.platform.isPremiumFeatureEligible": "@wix/wix-one-app-platform",
  "wix.platform.updatePartialBusinessDisplayOptions": "@wix/wix-one-app-platform",
  "wix.platform.updateBusinessAnnouncement": "@wix/wix-one-app-platform",
  "wix.platform.getBusinessTabTitles": "@wix/wix-one-app-platform",
  "wix.platform.getBusinessDisplayOptions": "@wix/wix-one-app-platform",
  "wix.platform.getBusinessLocations": "@wix/wix-one-app-platform",
  "wix.platform.getBusinessPermission": "@wix/wix-one-app-platform",
  "wix.platform.addBookmark": "@wix/wix-one-app-platform",
  "wix.platform.removeBookmark": "@wix/wix-one-app-platform",
  "wix.platform.getBookmarks": "@wix/wix-one-app-platform",
  "wix.platform.isShortcutServiceAvailable": "@wix/wix-one-app-platform",
  "wix.platform.addShortcutToHomeScreen": "@wix/wix-one-app-platform",
  "wix.platform.addDefaultService": "@wix/wix-one-app-platform",
  "wix.platform.addDefaultSection": "@wix/wix-one-app-platform",
  "wix.platform.updateWebsiteCreationStatus": "@wix/wix-one-app-platform",
  "wix.platform.openAppStoreOrGooglePlay": "@wix/wix-one-app-platform",
  "wix.platform.openUpgradePicker": "@wix/wix-one-app-platform",
  "wix.platform.isBusinessPremium": "@wix/wix-one-app-platform",
  "wix.platform.getBusinessPremiumInfo": "@wix/wix-one-app-platform",
  "wix.platform.leavePlace": "@wix/wix-one-app-platform",
  "wix.platform.getPrimaryColor": "@wix/wix-one-app-platform",
  "wix.platform.updateFindPlacesDetails": "@wix/wix-one-app-platform",
  "wix.platform.clearBusinessNotificationCount": "@wix/wix-one-app-platform",
  "wix.platform.loadBusinessesData": "@wix/wix-one-app-platform",
  "wix.platform.openEditor": "@wix/wix-one-app-platform",
  "wix.platform.remx.getBusinessesMembersInfo": "@wix/wix-one-app-platform",
  "wix.platform.remx.delete": "@wix/wix-one-app-platform",
  "wix.platform.openDashboard": "@wix/wix-one-app-platform",
  "wix.platform.openPlaceCreation": "@wix/wix-one-app-platform",
  "invites.showInvite": "@wix/wix-one-app-invites",
  "invites.showInviteAsModal": "@wix/wix-one-app-invites",
  "invites.showInviteScreen": "@wix/wix-one-app-invites",
  "invites.showInviteOrBannerRouter": "@wix/wix-one-app-invites",
  "invites.getInvite": "@wix/wix-one-app-invites",
  "invites.consumeInviteLink": "@wix/wix-one-app-invites",
  "invites.handleInviteLinkArrived": "@wix/wix-one-app-invites",
  "invites.getInviteInfoForInviteId": "@wix/wix-one-app-invites",
  "invites.fetchInviteInfo": "@wix/wix-one-app-invites",
  "invites.startDigitalPlaceCreation": "@wix/wix-one-app-invites",
  "invites.sendInviteToContactIds": "@wix/wix-one-app-invites",
  "invites.getPlaceInviteDetailsToShare": "@wix/wix-one-app-invites",
  "invites.refreshPlaceInviteDetails": "@wix/wix-one-app-invites",
  "invites.shouldShowGetMoreMembers": "@wix/wix-one-app-invites",
  "invites.getWebBannerAvailability": "@wix/wix-one-app-invites",
  "invites.getWebBannerData": "@wix/wix-one-app-invites",
  "invites.setWebBannerEnabled": "@wix/wix-one-app-invites",
  "invites.getWebBannerSeen": "@wix/wix-one-app-invites",
  "invites.setWebBannerSeen": "@wix/wix-one-app-invites",
  "invites.shouldShowGetMoreMembersNewIndicator": "@wix/wix-one-app-invites",
  "invites.shouldShowMobileBannerStepInStunningMeter": "@wix/wix-one-app-invites",
  "invites.showFTEActionsIfNeeded": "@wix/wix-one-app-invites",
  "invites.getInviteMembersTerm": "@wix/wix-one-app-invites",
  "invites.hasJoinablePlaces": "@wix/wix-one-app-invites",
  "invites.startFindMyPlaces": "@wix/wix-one-app-invites",
  "invites.getFindMyPlacesIncomplete": "@wix/wix-one-app-invites",
  "invites.sendInviteSiteMembersMail": "@wix/wix-one-app-invites",
  "invites.showLeadingVerticalFTE": "@wix/wix-one-app-invites",
  "invites.saveMemberOnboardingBusinessId": "@wix/wix-one-app-invites",
  "invites.setMemeberOnboardingAlreadyShown": "@wix/wix-one-app-invites",
  "invites.getCreateCardTitle": "@wix/wix-one-app-invites",
  "invites.getHomeEmptyStateSubtitle": "@wix/wix-one-app-invites",
  "invites.getCreateMyAccountMenuItemText": "@wix/wix-one-app-invites",
  "invites.markPlaceLeadingVertical": "@wix/wix-one-app-invites",
  "invites.getPendingBusinesses": "@wix/wix-one-app-invites",
  "invites.onPressPendingBusiness": "@wix/wix-one-app-invites",
  "invites.getPremiumBannerActionTitle": "@wix/wix-one-app-invites",
  "invites.logBranchEvent": "@wix/wix-one-app-invites",
  "invites.joinPlace": "@wix/wix-one-app-invites",
  "invites.fetchInviteData": "@wix/wix-one-app-invites",
  "forum.createNewPost": "@wix/wix-one-app-forum",
  "chat.openChatroom": "@wix/wix-inbox-mobile",
  "chat.openOwnerToContactChatroom": "@wix/wix-inbox-mobile",
  "chat.openMemberToBusinessChatroom": "@wix/wix-inbox-mobile",
  "chat.openMemberToBusinessChatroomFromNewMemberView": "@wix/wix-inbox-mobile",
  "chat.openMemberToMemberChatroom": "@wix/wix-inbox-mobile",
  "chat.openBroadcastChatroom": "@wix/wix-inbox-mobile",
  "chat.subscribeToUnreadBadge": "@wix/wix-inbox-mobile",
  "chat.subscribeToUnreadBadgeMap": "@wix/wix-inbox-mobile",
  "chat.fetchBulkUnreadCount": "@wix/wix-inbox-mobile",
  "chat.fetchBulkUnreadCount2": "@wix/wix-inbox-mobile",
  "wix.bookings.openServicePage": "@wix/wix-one-bookings-member",
  "wix.bookings.setupCouponPlatform": "@wix/wix-one-bookings-member",
  "wix.bookings.bookOnBehalfContactCard": "@wix/wix-one-bookings-member",
  "wix.bookings.createService": "@wix/wix-one-bookings-member",
  "wix.bookings.shouldShowUpcomingWidgetInAbout": "@wix/wix-one-bookings-member",
  "wix.bookings.navigateToSession": "@wix/wix-one-bookings-member",
  "wix.bookings.performanceTrackerCTA": "@wix/wix-one-bookings-member",
  "wix.bookings.openSuccesslyPaidWithBBposScreen": "@wix/wix-one-bookings-member",
  "wix.coupons.openList": "@wix/wix-one-app-coupons",
  "wix.coupons.addCoupon": "@wix/wix-one-app-coupons",
  "wix.coupons.getSupportedTypes": "@wix/wix-one-app-coupons",
  "wix.coupons.getCommonScopes": "@wix/wix-one-app-coupons",
  "developers.getExperimentOverrideValue": "@wix/wix-one-developer-utils",
  "video.createSmartVideo": "@wix/wix-one-app-video",
  "video-maker.createSmartVideo": "@wix/wix-one-app-video-maker",
  "video-maker.openVideoMakerComposer": "@wix/wix-one-app-video-maker",
  "wix.events.setupCouponPlatform": "@wix/wix-one-events",
  "wix.events.createEvent": "@wix/wix-one-events",
  "wix.events.openOrderInfo": "@wix/wix-one-events",
  "wix.events.openPosSuccess": "@wix/wix-one-events",
  "groups.joinGroup": "@wix/wix-one-groups",
  "groups.shareFeedPost": "@wix/wix-one-groups",
  "groups.createGroup": "@wix/wix-one-groups",
  "groups.openGroupsList": "@wix/wix-one-groups",
  "groups.openGroupsSelectionList": "@wix/wix-one-groups",
  "groups.shareLinkPreview": "@wix/wix-one-groups",
  "groups.openFeedAndCreatePost": "@wix/wix-one-groups",
  "groups.onRceContentReadyCallback": "@wix/wix-one-groups",
  "wix.stores.setupCouponPlatform": "@wix/wix-store-merchant-app",
  "wix.stores.addNewProduct": "@wix/wix-store-merchant-app",
  "wix.stores.openOrder": "@wix/wix-store-merchant-app",
  "wix.stores.getProductWithSKUScanner": "@wix/wix-store-merchant-app",
  "wix.stores.CreateProduct": "@wix/wix-store-merchant-app",
  "wix.stores.completeTransaction": "@wix/wix-store-merchant-app",
  "wix.stores.openTax": "@wix/wix-store-merchant-app",
  "wix.stores.posProductsSearch": "@wix/wix-store-merchant-app",
  "wix.stores.OpenPosCart": "@wix/wix-store-merchant-app",
  "media.showImagePreview": "@wix/wix-mobile-media-manager",
  "media.selectFromMediaManager": "@wix/wix-mobile-media-manager",
  "media.selectMedia": "@wix/wix-mobile-media-manager",
  "media.takeAPhotoOrVideo": "@wix/wix-mobile-media-manager",
  "media.chooseFromDevice": "@wix/wix-mobile-media-manager",
  "media.uploadMedia": "@wix/wix-mobile-media-manager",
  "media.uploadSecureMedia": "@wix/wix-mobile-media-manager",
  "media.uploadSitelessMedia": "@wix/wix-mobile-media-manager",
  "media.cancelMediaUpload": "@wix/wix-mobile-media-manager",
  "media.editMedia": "@wix/wix-mobile-media-manager",
  "media.editExternalMedia": "@wix/wix-mobile-media-manager",
  "media.quickAction.uploadMedia": "@wix/wix-mobile-media-manager",
  "media.createSmartVideo": "@wix/wix-mobile-media-manager",
  "media.updateExperimentsList": "@wix/wix-mobile-media-manager",
  "media.showMediaFilePreview": "@wix/wix-mobile-media-manager",
  "crm.invoices.openInvoice": "@wix/wix-invoices-mobile",
  "crm.invoices.openInvoicePreconditionModal": "@wix/wix-invoices-mobile",
  "crm.invoices.hasInvoicesPreconditions": "@wix/wix-invoices-mobile",
  "login.shouldConnectUser": "@wix/native-app-wix-login",
  "login.logout": "@wix/native-app-wix-login",
  "login.showForgotSitePasswordModal": "@wix/native-app-wix-login",
  "login.sendEmailConfirmation": "@wix/native-app-wix-login",
  "login.useMagicLink": "@wix/native-app-wix-login",
  "login.showMagicLinkMailSentScreen": "@wix/native-app-wix-login",
  "login.isLoginV2Enabled": "@wix/native-app-wix-login",
  "login.showAlreadySiteMemberWarningScreenIfNeeded": "@wix/native-app-wix-login",
  "wix.pos.isAppLaunched": "@wix/wix-one-app-pos",
  "wix.pos.getPaymentMethods": "@wix/wix-one-app-pos",
  "wix.pos.openPointOfSale": "@wix/wix-one-app-pos",
  "wix.pos.openPointOfSaleTab": "@wix/wix-one-app-pos",
  "wix.pos.endScreen": "@wix/wix-one-app-pos",
  "wix.pos.updateCart": "@wix/wix-one-app-pos",
  "memberships.getBusinessPlanList": "@wix/wix-one-app-memberships",
  "memberships.connectBenefitToPlans": "@wix/wix-one-app-memberships",
  "memberships.getPlansConnectedToBenefit": "@wix/wix-one-app-memberships",
  "memberships.addBenefitsToPlan": "@wix/wix-one-app-memberships",
  "memberships.removeBenefitsFromPlan": "@wix/wix-one-app-memberships",
  "memberships.getBenefitsConnectedToPlan": "@wix/wix-one-app-memberships",
  "memberships.updatePlanPricingBenefitsForVertical": "@wix/wix-one-app-memberships",
  "memberships.getEligibleMemberOrders": "@wix/wix-one-app-memberships",
  "memberships.filterVerticalPricingPlanBenefits": "@wix/wix-one-app-memberships",
  "memberships.getPublicPricingPlanBenefits": "@wix/wix-one-app-memberships",
  "memberships.promptUserToCreatePlanAndReturn": "@wix/wix-one-app-memberships",
  "memberships.createPlanAndReturn": "@wix/wix-one-app-memberships",
  "memberships.registerVertical": "@wix/wix-one-app-memberships",
  "memberships.registerVerticalBenefits": "@wix/wix-one-app-memberships",
  "memberships.displayPlanListForMemberInAScreen": "@wix/wix-one-app-memberships",
  "memberships.sellPlanForContact": "@wix/wix-one-app-memberships",
  "woafb.closeShareToPage": "@wix/wix-mobile-facebook-module",
  "woafb.shareToPage": "@wix/wix-mobile-facebook-module",
  "woafb.shareToProfile": "@wix/wix-mobile-facebook-module",
  "woafb.setTarget": "@wix/wix-mobile-facebook-module",
  "promote.openSocialPostWithData": "@wix/wix-promote-app-module",
  "promote.businessHasSocialPosts": "@wix/wix-promote-app-module",
  "promote.handleEditModeChange": "@wix/wix-promote-app-module",
  "promote.openComposer": "@wix/wix-promote-app-module",
  "promote.deleteElement": "@wix/wix-promote-app-module",
  "promote.loadIntent": "@wix/wix-promote-app-module",
  "promote.openSocialPost": "@wix/wix-promote-app-module",
  "NewBlog.openPost": "@wix/wix-one-app-new-blog",
  "NewBlog.createPost": "@wix/wix-one-app-new-blog",
  "NewBlog.loadDiscoveryCategories": "@wix/wix-one-app-new-blog",
  "NewBlog.createPostWithOnClose": "@wix/wix-one-app-new-blog",
  "NewBlog.offlineRequestHandler": "@wix/wix-one-app-new-blog",
  "NewBlog.offlineContentEditorHandler": "@wix/wix-one-app-new-blog",
  "NewBlog.openWixReadsSubmitPostScreen": "@wix/wix-one-app-new-blog",
  "NewBlog.openManagePostsScreen": "@wix/wix-one-app-new-blog",
  "NewBlog.openSubscribedCategoriesPicker": "@wix/wix-one-app-new-blog",
  "notifications.getNotificationsBadgesSummery": "@wix/wix-one-app-notifications",
  "notifications.markNotificationsAsRead": "@wix/wix-one-app-notifications",
  "notifications.setAllowNotifications": "@wix/wix-one-app-notifications",
  "notifications.refreshNotificationSettingsForAllBusinesses": "@wix/wix-one-app-notifications",
  "notifications.isPlacesNotificationsEnabled": "@wix/wix-one-app-notifications",
  "notifications.shouldShowPushNotificationsPrimingHomeScreenBanner": "@wix/wix-one-app-notifications",
  "notifications.onPushNotificationsPrimingHomeScreenBannerDismiss": "@wix/wix-one-app-notifications",
  "notifications.arePushNotificationsApproved": "@wix/wix-one-app-notifications",
  "notifications.openDevicePushNotificationsSettings": "@wix/wix-one-app-notifications",
  "notifications.checkAndSetPushNotificationsPermissions": "@wix/wix-one-app-notifications",
  "account.showOneAppHelp": "@wix/wix-one-app-account",
  "account.showHappyMomentScreen": "@wix/wix-one-app-account",
  "account.getUserInfo": "@wix/wix-one-app-account",
  "account.getUserInfoSync": "@wix/wix-one-app-account",
  "wix.cashier.proceedToPayment": "@wix/one-app-cashier",
  "wix.cashier.showSavedCreditCards": "@wix/one-app-cashier",
  "wix.cashier.getPaymentMethodsAccount": "@wix/one-app-cashier",
  "wix.cashier.showPayInstantScreen": "@wix/one-app-cashier",
  "wix.cashier.showBoletoBarcode": "@wix/one-app-cashier",
  "wix.cashier.showCreditCardListScreen": "@wix/one-app-cashier",
  "wix.cashier.showCreditCardScreen": "@wix/one-app-cashier",
  "wix.cashier.showCreditCardWebScreen": "@wix/one-app-cashier",
  "wix.cashier.showCVVScreen": "@wix/one-app-cashier",
  "wix.cashier.showMandatoryFieldsScreen": "@wix/one-app-cashier",
  "wix.cashier.showPaymentResultScreen": "@wix/one-app-cashier",
  "wix.cashier.showPayWalletScreen": "@wix/one-app-cashier",
  "contacts.getProfileActiveSinceText": "@wix/wix-one-app-contacts",
  "contacts.fetchPlacesOverviews": "@wix/wix-one-app-contacts",
  "contacts.updateAllMatchingProfiles": "@wix/wix-one-app-contacts",
  "contacts.cached.getContactOverviews": "@wix/wix-one-app-contacts",
  "contacts.fetchList": "@wix/wix-one-app-contacts",
  "contacts.fetchContactsCount": "@wix/wix-one-app-contacts",
  "contacts.fetchInfo": "@wix/wix-one-app-contacts",
  "contacts.cached.fetchInfo": "@wix/wix-one-app-contacts",
  "contacts.cached.fetchInfoBulk": "@wix/wix-one-app-contacts",
  "contacts.getOwnerInfo": "@wix/wix-one-app-contacts",
  "contacts.fetchContacts": "@wix/wix-one-app-contacts",
  "contacts.fetchMembers": "@wix/wix-one-app-contacts",
  "contacts.getProfiles": "@wix/wix-one-app-contacts",
  "contacts.updateMemberPrivacySetting": "@wix/wix-one-app-contacts",
  "contacts.assignContributor": "@wix/wix-one-app-contacts",
  "contacts.unassignContributor": "@wix/wix-one-app-contacts",
  "contacts.ensureProfileIsPublic": "@wix/wix-one-app-contacts",
  "contacts.getMemberProfilesByIds": "@wix/wix-one-app-contacts",
  "contacts.fetchBadges": "@wix/wix-one-app-contacts",
  "contacts.makePhoneCall": "@wix/wix-one-app-contacts",
  "contacts.openSelectBadgesModal": "@wix/wix-one-app-contacts",
  "contacts.showAllMembersSection": "@wix/wix-one-app-contacts",
  "contacts.showAllBadgesSection": "@wix/wix-one-app-contacts",
  "contacts.CreateOrUpdateContactForPlace": "@wix/wix-one-app-contacts",
  "wix.one.app.merchant-settings.getConnectedPaymentMethods": "@wix/wix-one-app-merchant-settings",
  "wix.one.app.merchant-settings.openPaymentSettings": "@wix/wix-one-app-merchant-settings",
  "shoutout.controller.startMessageCreation": "@wix/wix-one-app-email-marketing",
  "shoutout.controller.startPublishingProcess": "@wix/wix-one-app-email-marketing",
  "shoutout.controller.setLoadingStatus": "@wix/wix-one-app-email-marketing",
  "shoutout.controller.openPreview": "@wix/wix-one-app-email-marketing",
  "shoutout.controller.goToDashboard": "@wix/wix-one-app-email-marketing",
  "shoutout.controller.closeEmailMarketing": "@wix/wix-one-app-email-marketing",
  "shoutout.controller.setDashboardPendingAction": "@wix/wix-one-app-email-marketing",
  "shoutout.controller.setEditedRegion": "@wix/wix-one-app-email-marketing",
  "shoutout.controller.reset": "@wix/wix-one-app-email-marketing",
  "shoutout.openEmailMarketing": "@wix/wix-one-app-email-marketing",
  "shoutout.openEmailMarketingComposer": "@wix/wix-one-app-email-marketing",
  "shoutout.openCampaignStatsPage": "@wix/wix-one-app-email-marketing",
  "shoutout.getEmailMarketingCampaignCard": "@wix/wix-one-app-email-marketing",
  "shoutout.getEmailMarketingCampaignCardStorybook": "@wix/wix-one-app-email-marketing",
  "progallery.method.openInAppWebBrowser": "@wix/wix-one-app-pro-gallery",
  "woaAnalytics.openAnalytics": "@wix/wix-one-app-analytics",
  "woaAnalytics.onSiteChanged": "@wix/wix-one-app-analytics",
  "woaAnalytics.openReports": "@wix/wix-one-app-analytics",
  "woaAnalytics.openAlerts": "@wix/wix-one-app-analytics",
  "woaAnalytics.openDashboardOverView": "@wix/wix-one-app-analytics",
  "woaAnalytics.getManageList": "@wix/wix-one-app-analytics",
  "woaAnalytics.openCustomizeDashboard": "@wix/wix-one-app-analytics",
  "woaAnalytics.openAnalyticsInsights": "@wix/wix-one-app-analytics",
  "woaAnalytics.openAnalyticsBenchmarks": "@wix/wix-one-app-analytics",
  "wix-one-app-achievements.newChallenge": "@wix/wix-one-app-achievements",
  "wix.discovery.startFindMyPlaces": "@wix/wix-one-app-discovery",
  "wix.discovery.hasJoinablePlaces": "@wix/wix-one-app-discovery",
  "wix.discovery.getFindMyPlacesIncomplete": "@wix/wix-one-app-discovery",
  "virtual-numbers.call": "@wix/wix-one-app-virtual-numbers",
  "virtual-numbers.getBusinessNumber": "@wix/wix-one-app-virtual-numbers",
  "virtual-numbers.manageSettings": "@wix/wix-one-app-virtual-numbers",
  "virtual-numbers.openDialer": "@wix/wix-one-app-virtual-numbers",
  "virtual-numbers.canSendSMSToNumber": "@wix/wix-one-app-virtual-numbers",
  "virtual-numbers.canMakeCallToNumber": "@wix/wix-one-app-virtual-numbers",
  "restaurants.isMultiLocationSupported": "@wix/wix-one-app-restaurants",
  "restaurants.getLocationsPNData": "@wix/wix-one-app-restaurants",
  "restaurants.setIsEnabledPNForLocation": "@wix/wix-one-app-restaurants",
  "facebookAds.openCampaign": "@wix/wix-one-app-facebook-ads",
  "facebookAds.getFacebookAdsCampaignCard": "@wix/wix-one-app-facebook-ads",
  "facebookAds.getFacebookAdsCampaignCardStorybook": "@wix/wix-one-app-facebook-ads",
  "artstore.method.isActiveStore": "@wix/wix-one-art-store",
  "woaMarketing.updateWidgetCardBiMetrics": "@wix/wix-one-app-marketing",
  "woaMarketing.getPromotionTemplates": "@wix/wix-one-app-marketing",
  "woaMarketing.promoteInChannel": "@wix/wix-one-app-marketing",
  "woaMarketing.getChannelsPermitted": "@wix/wix-one-app-marketing",
  "woaMarketing.showPromoteInChannelsModal": "@wix/wix-one-app-marketing",
  "wix-one-app-shared-gallery.createAlbum": "@wix/wix-one-app-shared-gallery",
  "wix-one-app-shared-gallery.openAlbum": "@wix/wix-one-app-shared-gallery",
  "wix.auth.showConfirmationSuccess": "@wix/wix-one-app-auth",
  "wix.auth.sendConfirmationEmail": "@wix/wix-one-app-auth",
  "wix.auth.logout": "@wix/wix-one-app-auth",
  "wix.auth.isUserEmailVerified": "@wix/wix-one-app-auth",
  "wix.auth.reportRegistrationEventDelayed": "@wix/wix-one-app-auth",
  "wix.auth.showForgotSitePasswordModal": "@wix/wix-one-app-auth",
  "wix.auth.showAlreadySiteMemberWarningScreenIfNeeded": "@wix/wix-one-app-auth",
  "wix.auth.requestIDFA": "@wix/wix-one-app-auth",
  "wix.auth.useMagicLink": "@wix/wix-one-app-auth",
  "wix.auth.showMagicLinkMailSentScreen": "@wix/wix-one-app-auth",
  "wix.auth.startLoginFlow": "@wix/wix-one-app-auth",
  "wix.premium.openPackagePicker": "@wix/wix-one-app-premium",
  "wix.memberView.openEditor": "@wix/wix-one-app-member-view",
  "wix.memberView.openEditorFTE": "@wix/wix-one-app-member-view",
  "wix.memberView.loadBusinessesData": "@wix/wix-one-app-member-view",
  "wix.memberView.loadBusinessDataById": "@wix/wix-one-app-member-view",
  "wix.memberView.shouldHandleMemberDeepLink": "@wix/wix-one-app-member-view",
  "wix.memberView.showToast": "@wix/wix-one-app-member-view",
  "wix.memberView.updateBusinessAnnouncement": "@wix/wix-one-app-member-view",
  "brandedApps.authConfigProvider": "@wix/wix-one-app-branded-app",
  "vod.onMediaUploadStatusChange": "@wix/wix-one-app-vod",
  "wix.one.app.wix-food.openMenuScreen": "@wix/wix-one-app-wix-food",
  "selections.method.showSelectionInvite": "@wix/wix-one-app-selections",
  "selections.method.openCreateCollectionScreen": "@wix/wix-one-app-selections",
  "selections.method.openCollectionScreen": "@wix/wix-one-app-selections",
  "selections.method.openEditCollectionScreen": "@wix/wix-one-app-selections",
  "selections.method.openCreationSuccessfulScreen": "@wix/wix-one-app-selections",
  "woa-member-reservations.reserveTable": "@wix/wix-one-app-member-reservations",
  "wix.addresses.requestLocationPermission": "@wix/wix-one-app-addresses",
  "wix.addresses.getLocationPermissionStatus": "@wix/wix-one-app-addresses",
  "wix.addresses.getCurrentLocation": "@wix/wix-one-app-addresses",
  "wix.addresses.getPlaceByLocation": "@wix/wix-one-app-addresses",
  "wix.addresses.getPlacesByInputAndLocation": "@wix/wix-one-app-addresses",
  "wix.addresses.getSavedAddresses": "@wix/wix-one-app-addresses",
  "wix.addresses.setCurrentLocationAsSelectedAddress": "@wix/wix-one-app-addresses",
  "wix.addresses.initAddresses": "@wix/wix-one-app-addresses",
  "wix.addresses.setSelectedAddress": "@wix/wix-one-app-addresses"
}