{
  "contacts.profileWidgetsService": [
    "@wix/wix-one-app-platform",
    "@wix/wix-one-tasks-mobile",
    "@wix/wix-one-events",
    "@wix/wix-one-app-memberships",
    "@wix/wix-one-app-contacts",
    "@wix/wix-one-app-loyalty"
  ],
  "wix.platform.dashboardWidgetsService": [
    "@wix/wix-one-app-platform",
    "@wix/wix-one-app-forum",
    "@wix/wix-inbox-mobile",
    "@wix/wix-one-tasks-mobile",
    "@wix/wix-one-events",
    "@wix/wix-one-groups",
    "@wix/wix-store-merchant-app",
    "@wix/wix-invoices-mobile",
    "@wix/wix-one-app-memberships",
    "@wix/wix-one-app-new-blog",
    "@wix/wix-one-app-contacts",
    "@wix/wix-one-app-loyalty",
    "@wix/wix-one-app-merchant-settings",
    "@wix/wix-one-app-analytics",
    "@wix/wix-one-app-achievements",
    "@wix/wix-one-app-virtual-numbers",
    "@wix/wix-one-app-restaurants",
    "@wix/wix-one-app-marketing",
    "@wix/wix-one-app-member-view"
  ],
  "quickActions": [
    "@wix/wix-one-app-invites",
    "@wix/wix-one-app-forum",
    "@wix/wix-one-bookings-member",
    "@wix/wix-one-tasks-mobile",
    "@wix/wix-one-app-video",
    "@wix/wix-one-app-video-maker",
    "@wix/wix-one-events",
    "@wix/wix-one-groups",
    "@wix/wix-store-merchant-app",
    "@wix/wix-mobile-media-manager",
    "@wix/wix-invoices-mobile",
    "@wix/wix-one-app-memberships",
    "@wix/wix-promote-app-module",
    "@wix/wix-one-app-new-blog",
    "@wix/wix-one-app-contacts",
    "@wix/wix-one-app-email-marketing",
    "@wix/wix-one-app-achievements",
    "@wix/wix-one-app-marketing",
    "@wix/wix-one-app-member-view"
  ],
  "managerApps": [
    "@wix/wix-hotels-mobile-app",
    "@wix/wix-one-app-forum",
    "@wix/wix-one-bookings-member",
    "@wix/wix-one-app-coupons",
    "@wix/wix-one-tasks-mobile",
    "@wix/wix-one-app-video",
    "@wix/wix-one-app-video-maker",
    "@wix/wix-one-events",
    "@wix/wix-one-groups",
    "@wix/wix-store-merchant-app",
    "@wix/wix-mobile-media-manager",
    "@wix/wix-invoices-mobile",
    "@wix/wix-one-app-pos",
    "@wix/wix-one-app-memberships",
    "@wix/wix-one-app-new-blog",
    "@wix/wix-one-app-loyalty",
    "@wix/wix-one-app-pro-gallery",
    "@wix/wix-one-app-pages",
    "@wix/wix-one-app-achievements",
    "@wix/wix-one-photo-albums",
    "@wix/wix-one-app-restaurants",
    "@wix/wix-one-art-store",
    "@wix/wix-one-app-shared-gallery",
    "@wix/wix-one-app-vod"
  ],
  "installableApps": [
    "@wix/wix-one-app-forum",
    "@wix/wix-one-bookings-member",
    "@wix/wix-one-events",
    "@wix/wix-one-groups",
    "@wix/wix-store-merchant-app",
    "@wix/wix-one-app-memberships",
    "@wix/wix-one-app-new-blog",
    "@wix/wix-one-app-pages",
    "@wix/wix-one-app-achievements",
    "@wix/wix-one-app-shared-gallery"
  ],
  "chat.keyboardService": [
    "@wix/wix-inbox-mobile",
    "@wix/wix-one-bookings-member",
    "@wix/wix-one-app-coupons",
    "@wix/wix-store-merchant-app"
  ],
  "contactsProfileQuickActions": [
    "@wix/wix-one-bookings-member",
    "@wix/wix-one-tasks-mobile",
    "@wix/wix-one-app-memberships",
    "@wix/wix-one-app-contacts",
    "@wix/wix-one-app-loyalty"
  ],
  "membershipsRegisterVertical": [
    "@wix/wix-one-bookings-member"
  ],
  "membershipsRegisterShowBenefits": [
    "@wix/wix-one-bookings-member",
    "@wix/wix-one-events",
    "@wix/wix-one-app-new-blog",
    "@wix/wix-one-app-achievements",
    "@wix/wix-one-app-vod"
  ],
  "wix.platform.UpcomingService": [
    "@wix/wix-one-bookings-member",
    "@wix/wix-one-events"
  ],
  "activityScreens": [
    "@wix/wix-one-bookings-member",
    "@wix/wix-one-events",
    "@wix/wix-store-merchant-app",
    "@wix/wix-one-app-memberships",
    "@wix/wix-one-app-achievements",
    "@wix/one-app-restaurants-member"
  ],
  "clientApps": [
    "@wix/wix-one-bookings-member",
    "@wix/wix-one-events",
    "@wix/wix-one-groups",
    "@wix/wix-store-merchant-app",
    "@wix/wix-one-app-shared-gallery",
    "@wix/wix-one-app-vod"
  ],
  "wix.owners.manageItems": [
    "@wix/wix-one-app-video-maker",
    "@wix/wix-promote-app-module",
    "@wix/wix-one-app-email-marketing",
    "@wix/wix-one-app-analytics",
    "@wix/wix-one-app-facebook-ads"
  ],
  "ownerShortcuts": [
    "@wix/wix-one-events",
    "@wix/wix-one-groups",
    "@wix/wix-one-app-memberships",
    "@wix/wix-one-app-new-blog",
    "@wix/wix-one-app-virtual-numbers"
  ],
  "contacts.memberViewWidgetsService": [
    "@wix/wix-one-groups",
    "@wix/wix-one-app-new-blog"
  ],
  "wix.pos.registerService": [
    "@wix/wix-store-merchant-app"
  ],
  "storybook": [
    "@wix/wix-one-app-email-marketing"
  ]
}