{
  "5": "tasks",
  "6": "hls2",
  "8": "dash-hotels",
  "10": "ec",
  "12": "blog-mr",
  "26": "media-mr",
  "36": "wix-one-app-email-marketing",
  "61": "rest",
  "63": "wix-labs",
  "64": "cashier",
  "65": "photo-users",
  "67": "oneapp",
  "68": "events-users",
  "69": "forums-uou",
  "71": "video",
  "73": "wix-one-app-analytics",
  "75": "app-sdk",
  "76": "wix-promote",
  "86": "coupons",
  "92": "membership",
  "111": "groups",
  "116": "rich-editor",
  "118": "virtual-numbers",
  "120": "polls",
  "123": "new-releases",
  "137": "promoter-mobile",
  "10:ec": "ec",
  "10:ec-sm": "ec-sm",
  "10:ec-sf": "ec-sf",
  "69:forums-users": "forums-users",
  "69:blog-users": "blog-app-users",
  "69:blog-uou": "blog-app-uou",
  "84:video-maker": "video-maker",
  "76:pa": "pa",
  "5:dashboard": "dash",
  "5:chat": "engage",
  "16:owner": "wixboost-users",
  "16:member": "wixboost-ugc",
  "107:badges": "badges",
  "26:video-element": "media-mr",
  "68:events-uou": "events-uou",
  "26:media-manager": "media-mr",
  "26:g6": "media-manager-g6",
  "113:mini-pos": "mini-pos",
  "69:members-app-uou": "members-app-uou",
  "64:legacy": "cashier",
  "64:ugc": "cashier-ugc",
  "64:transactions-dashboard": "transactions-dashboard",
  "73:newAnalytics": "analytics-ng",
  "114:owner": "challenges",
  "114:member": "challenges-member",
  "69:comments-uou": "comments-uou",
  "71:mobile-vod": "mobile-vod"
}