{
  "platformModule": "@wix/wix-one-app-branded-app",
  "modules": [
    "@wix/wix-one-app-rich-content",
    "@wix/wix-one-app-platform",
    "@wix/wix-one-app-invites",
    "@wix/wix-hotels-mobile-app",
    "@wix/wix-one-app-forum",
    "@wix/wix-inbox-mobile",
    "@wix/wix-one-bookings-member",
    "@wix/wix-one-app-coupons",
    "@wix/wix-one-tasks-mobile",
    "@wix/wix-one-developer-utils",
    "@wix/wix-one-app-video",
    "@wix/wix-one-app-video-maker",
    "@wix/wix-one-events",
    "@wix/wix-one-groups",
    "@wix/wix-store-merchant-app",
    "@wix/wix-mobile-media-manager",
    "@wix/wix-invoices-mobile",
    "@wix/native-app-wix-login",
    "@wix/wix-one-app-pos",
    "@wix/wix-one-app-memberships",
    "@wix/wix-mobile-facebook-module",
    "@wix/wix-promote-app-module",
    "@wix/wix-one-app-new-blog",
    "@wix/wix-one-app-notifications",
    "@wix/wix-one-app-account",
    "@wix/one-app-cashier",
    "@wix/wix-one-app-contacts",
    "@wix/wix-one-app-loyalty",
    "@wix/wix-one-app-merchant-settings",
    "@wix/wix-one-app-email-marketing",
    "@wix/wix-one-app-pro-gallery",
    "@wix/wix-one-app-pages",
    "@wix/wix-one-app-analytics",
    "@wix/wix-one-app-achievements",
    "@wix/wix-one-app-discovery",
    "@wix/wix-one-photo-albums",
    "@wix/wix-one-app-virtual-numbers",
    "@wix/wix-one-app-restaurants",
    "@wix/wix-one-app-facebook-ads",
    "@wix/wix-one-art-store",
    "@wix/wix-one-app-marketing",
    "@wix/wix-one-app-shared-gallery",
    "@wix/wix-one-app-auth",
    "@wix/wix-one-app-premium",
    "@wix/wix-one-app-comments",
    "@wix/wix-one-app-member-view",
    "@wix/wix-one-app-branded-app",
    "@wix/one-app-restaurants-member",
    "@wix/wix-one-app-vod",
    "@wix/wix-one-app-wix-food",
    "@wix/wix-one-app-selections",
    "@wix/wix-one-app-member-reservations",
    "@wix/wix-one-app-addresses"
  ],
  "modulesConfig": {
    "@wix/wix-one-app-platform": {
      "showAboutTab": true,
      "eagerInit": true
    },
    "@wix/wix-one-app-notifications": {
      "eagerInit": true
    }
  },
  "noDefaultTabs": true,
  "tabs": [
    "BrandedAppsTab"
  ]
}