[
  {
    "linkPattern": "core/login",
    "moduleName": "@wix/wix-one-app-platform"
  },
  {
    "linkPattern": "platform/renewPremium",
    "moduleName": "@wix/wix-one-app-platform"
  },
  {
    "linkPattern": "platform/updateMessage/:metaSiteId",
    "moduleName": "@wix/wix-one-app-platform"
  },
  {
    "linkPattern": "platform/editWebsite/:metaSiteId",
    "moduleName": "@wix/wix-one-app-platform"
  },
  {
    "linkPattern": "platform/websiteEditorView/:metaSiteId",
    "moduleName": "@wix/wix-one-app-platform"
  },
  {
    "linkPattern": "platform/mobilePlaceStrength/:metaSiteId",
    "moduleName": "@wix/wix-one-app-platform"
  },
  {
    "linkPattern": "platform/club/:metaSiteId",
    "moduleName": "@wix/wix-one-app-platform"
  },
  {
    "linkPattern": "platform/upgrade/:metaSiteId",
    "moduleName": "@wix/wix-one-app-platform"
  },
  {
    "linkPattern": "platform/announcements/:metaSiteId",
    "moduleName": "@wix/wix-one-app-platform"
  },
  {
    "linkPattern": "roles/contributors",
    "externalPatterns": [
      "wix://roles/contributors"
    ],
    "moduleName": "@wix/wix-one-app-platform"
  },
  {
    "linkPattern": "invite/inviteMembers",
    "moduleName": "@wix/wix-one-app-invites"
  },
  {
    "linkPattern": "invite/inviteMembers/:metaSiteId",
    "moduleName": "@wix/wix-one-app-invites"
  },
  {
    "linkPattern": "invite/getMoreMembers/:businessId",
    "moduleName": "@wix/wix-one-app-invites"
  },
  {
    "linkPattern": "invite/join/:businessId",
    "moduleName": "@wix/wix-one-app-invites"
  },
  {
    "linkPattern": "invite/discovery/join/:businessId",
    "moduleName": "@wix/wix-one-app-invites"
  },
  {
    "linkPattern": "invite/updateSiteMembers/:businessId",
    "moduleName": "@wix/wix-one-app-invites"
  },
  {
    "linkPattern": "invite/findMyPlaces",
    "moduleName": "@wix/wix-one-app-invites"
  },
  {
    "linkPattern": "invite/fitness/:businessId",
    "moduleName": "@wix/wix-one-app-invites"
  },
  {
    "linkPattern": "invite/customize/:businessId",
    "moduleName": "@wix/wix-one-app-invites"
  },
  {
    "linkPattern": "invite/inviteSiteMembers/:businessId",
    "moduleName": "@wix/wix-one-app-invites"
  },
  {
    "linkPattern": "invite/pendingBusiness/userApproved/:metaSiteId",
    "moduleName": "@wix/wix-one-app-invites"
  },
  {
    "linkPattern": "invite/:businessId/:inviteId",
    "moduleName": "@wix/wix-one-app-invites"
  },
  {
    "linkPattern": "hotels/reservation/:reservationId",
    "externalPatterns": [
      "wix://hotels/reservation/:reservationId"
    ],
    "moduleName": "@wix/wix-hotels-mobile-app"
  },
  {
    "linkPattern": "forum/post/:postId",
    "moduleName": "@wix/wix-one-app-forum"
  },
  {
    "linkPattern": "forum/:metaSiteId/post/:postId",
    "moduleName": "@wix/wix-one-app-forum"
  },
  {
    "linkPattern": "forum/:metaSiteId/:origin/post/:postId",
    "moduleName": "@wix/wix-one-app-forum"
  },
  {
    "linkPattern": "forum/post/:postId/:commentId",
    "moduleName": "@wix/wix-one-app-forum"
  },
  {
    "linkPattern": "forum/:metaSiteId/post/:postId/:commentId",
    "moduleName": "@wix/wix-one-app-forum"
  },
  {
    "linkPattern": "forum/:metaSiteId/:origin/post/:postId/:commentId",
    "moduleName": "@wix/wix-one-app-forum"
  },
  {
    "linkPattern": "forum/post/:postId/:commentId/:replyId",
    "moduleName": "@wix/wix-one-app-forum"
  },
  {
    "linkPattern": "forum/invite/:metaSiteId/:postId",
    "moduleName": "@wix/wix-one-app-forum"
  },
  {
    "linkPattern": "forum/invite/:metaSiteId/:postId/:commentId",
    "moduleName": "@wix/wix-one-app-forum"
  },
  {
    "linkPattern": "forum/invite/:metaSiteId/:postId/:commentId/:replyId",
    "moduleName": "@wix/wix-one-app-forum"
  },
  {
    "linkPattern": "forum/create-post",
    "moduleName": "@wix/wix-one-app-forum"
  },
  {
    "linkPattern": "forum/:metaSiteId/create-post",
    "moduleName": "@wix/wix-one-app-forum"
  },
  {
    "linkPattern": "forum/:metaSiteId/all-posts",
    "moduleName": "@wix/wix-one-app-forum"
  },
  {
    "linkPattern": "forum/:metaSiteId/:origin/all-posts",
    "moduleName": "@wix/wix-one-app-forum"
  },
  {
    "linkPattern": "forum/:metaSiteId/manage-forum",
    "moduleName": "@wix/wix-one-app-forum"
  },
  {
    "linkPattern": "inbox/conversation",
    "externalPatterns": [
      "https\\://www.wix.com/my-account/sites/:metaSiteId/inbox/"
    ],
    "moduleName": "@wix/wix-inbox-mobile"
  },
  {
    "linkPattern": "inbox/conversation/:contactId",
    "externalPatterns": [
      "https\\://www.wix.com/my-account/sites/:metaSiteId/inbox/:contactId",
      "https\\://www.wix.com/my-account/app/contacts/:contactId",
      "https\\://www.wix.com/my-account/app/141fbfae-511e-6817-c9f0-48993a7547d1?*contactId%2F:contactId"
    ],
    "pushNotificationCategories": [
      "scheduler/appointment",
      "messaging/email",
      "visitors.message",
      "contact/contact-form",
      "form/form",
      "contact/subscription-form",
      "form/lead-capture-form"
    ],
    "moduleName": "@wix/wix-inbox-mobile"
  },
  {
    "linkPattern": "inbox/conversation-by-chatroom-id/:chatroomId",
    "externalPatterns": [
      "https\\://manage.wix.app/inbox/conversation-by-chatroom-id/:chatroomId"
    ],
    "moduleName": "@wix/wix-inbox-mobile"
  },
  {
    "linkPattern": "inbox/visitors/:businessId",
    "moduleName": "@wix/wix-inbox-mobile"
  },
  {
    "linkPattern": "inbox/chats/:businessId",
    "moduleName": "@wix/wix-inbox-mobile"
  },
  {
    "linkPattern": "newBooking",
    "externalPatterns": [
      "https\\://www.wix.com/my-account/app/:appId/:bookingsId",
      "http\\://www.wix.com/my-account/app/:appId/:bookingsId",
      "https\\://www.wix.com/my-account/app/:appId/:bookingsId/scheduler/owner/calendar",
      "http\\://www.wix.com/my-account/app/:appId/:bookingsId/scheduler/owner/calendar",
      "https\\://wix.com/dashboard/:metaSiteId/bookings/scheduler/owner/calendar"
    ],
    "moduleName": "@wix/wix-one-bookings-member"
  },
  {
    "linkPattern": "bookings/class/:businessId/:bookingsInstanceId/:serviceId/:classId/:staffId/:startTime",
    "moduleName": "@wix/wix-one-bookings-member"
  },
  {
    "linkPattern": "bookings/:businessId/service/:serviceId/details",
    "moduleName": "@wix/wix-one-bookings-member"
  },
  {
    "linkPattern": "bookings/appointment/:businessId/:bookingsInstanceId/:serviceId",
    "moduleName": "@wix/wix-one-bookings-member"
  },
  {
    "linkPattern": "bookings/app/:businessId/:bookingsInstanceId/:sessionId",
    "externalPatterns": [
      "http\\://www.wix.com/bookings/app/:businessId/:bookingsInstanceId/:sessionId",
      "https\\://www.wix.com/bookings/app/:businessId/:bookingsInstanceId/:sessionId"
    ],
    "moduleName": "@wix/wix-one-bookings-member"
  },
  {
    "linkPattern": "bookings/:metaSiteId/manage-bookings/schedule",
    "moduleName": "@wix/wix-one-bookings-member"
  },
  {
    "linkPattern": "coupons/:metaSiteId/list",
    "externalPatterns": [
      "https\\://www.wix.app/coupons/:metaSiteId/%23list"
    ],
    "moduleName": "@wix/wix-one-app-coupons"
  },
  {
    "linkPattern": "tasks/task/:taskId",
    "externalPatterns": [
      "https\\://www.wix.com/my-account/sites/:metaSiteId/146c0d71-352e-4464-9a03-2e868aabe7b9/:taskId"
    ],
    "pushNotificationCategories": [
      "tasks/task"
    ],
    "moduleName": "@wix/wix-one-tasks-mobile"
  },
  {
    "linkPattern": "developer/test/:param1/:metaSiteId",
    "externalPatterns": [
      "https\\://www.wix.com/developer/test/:param1"
    ],
    "pushNotificationCategories": [
      "developer/test-category"
    ],
    "moduleName": "@wix/wix-one-developer-utils"
  },
  {
    "linkPattern": "my-account/app/140603ad-af8d-84a5-2c80-a0f60cb47351/:siteId/:eventId/guest-list/:guestId",
    "moduleName": "@wix/wix-one-events"
  },
  {
    "linkPattern": "my-account/app/140603ad-af8d-84a5-2c80-a0f60cb47351/:siteId/:eventId/guest-list/",
    "moduleName": "@wix/wix-one-events"
  },
  {
    "linkPattern": "my-account/app/140603ad-af8d-84a5-2c80-a0f60cb47351/:siteId/:eventId/details",
    "moduleName": "@wix/wix-one-events"
  },
  {
    "linkPattern": "events/:metaSiteId/event-list",
    "moduleName": "@wix/wix-one-events"
  },
  {
    "linkPattern": "events/:metaSiteId/:eventId/details",
    "moduleName": "@wix/wix-one-events"
  },
  {
    "linkPattern": "events/:metaSiteId/:eventId/schedule",
    "moduleName": "@wix/wix-one-events"
  },
  {
    "linkPattern": "events/:metaSiteId/:eventId/feed",
    "moduleName": "@wix/wix-one-events"
  },
  {
    "linkPattern": "events/:metaSiteId/:eventId/feed/posts/:postId",
    "moduleName": "@wix/wix-one-events"
  },
  {
    "linkPattern": "clubs-manager/club/:groupId/membership-request/:siteMemberId",
    "moduleName": "@wix/wix-one-groups"
  },
  {
    "linkPattern": "clubs-member/club/:groupId/engage/:siteMemberId",
    "moduleName": "@wix/wix-one-groups"
  },
  {
    "linkPattern": "clubs-manager/club/:groupId/engage/:siteMemberId",
    "moduleName": "@wix/wix-one-groups"
  },
  {
    "linkPattern": "clubs-member/club/:groupId/engage/",
    "moduleName": "@wix/wix-one-groups"
  },
  {
    "linkPattern": "clubs-manager/club/:metaSiteId/:groupId/invite/share",
    "moduleName": "@wix/wix-one-groups"
  },
  {
    "linkPattern": "clubs-manager/club/:groupId/invite/share",
    "moduleName": "@wix/wix-one-groups"
  },
  {
    "linkPattern": "clubs-member/club/:groupId/feed/post/create",
    "moduleName": "@wix/wix-one-groups"
  },
  {
    "linkPattern": "clubs-member/link/club/:metaSiteId/:groupId/feed/post/create",
    "moduleName": "@wix/wix-one-groups"
  },
  {
    "linkPattern": "clubs-member/club/:groupId/feed/post/:postId",
    "moduleName": "@wix/wix-one-groups"
  },
  {
    "linkPattern": "clubs-member/club/:groupId/feed/post/:postId/:commentId",
    "moduleName": "@wix/wix-one-groups"
  },
  {
    "linkPattern": "groups/group/:metaSiteId/:groupId/invite/share",
    "moduleName": "@wix/wix-one-groups"
  },
  {
    "linkPattern": "groups/group/:metaSiteId/:groupId/invite/:siteMemberId/share",
    "moduleName": "@wix/wix-one-groups"
  },
  {
    "linkPattern": "social-groups/:metaSiteId/group/:groupId/preview/:postId",
    "moduleName": "@wix/wix-one-groups"
  },
  {
    "linkPattern": "social-groups/:groupId/group-rejected",
    "moduleName": "@wix/wix-one-groups"
  },
  {
    "linkPattern": "social-groups/:metaSiteId/create-post",
    "moduleName": "@wix/wix-one-groups"
  },
  {
    "linkPattern": "orders/",
    "externalPatterns": [
      "http\\://www.wix.com/my-account/app/:appId/:storeId/%23orders/:orderId",
      "https\\://www.wix.app/my-account/app/:appId/:storeId/%2523orders/:orderId"
    ],
    "pushNotificationCategories": [
      "e_commerce/purchase"
    ],
    "moduleName": "@wix/wix-store-merchant-app"
  },
  {
    "linkPattern": "products/",
    "externalPatterns": [
      "http\\://www.wix.com/my-account/app/:appId/:storeId/%23product/:productId",
      "https\\://www.wix.app/my-account/app/:appId/:storeId/%23product/:productId"
    ],
    "pushNotificationCategories": [
      "outOfStock",
      "productOptionOutOfStock"
    ],
    "moduleName": "@wix/wix-store-merchant-app"
  },
  {
    "linkPattern": "stores/:metaSiteId/dashboard/",
    "externalPatterns": [
      "https\\://www.wix.app/stores/:metaSiteId/%23dashboard/"
    ],
    "moduleName": "@wix/wix-store-merchant-app"
  },
  {
    "linkPattern": "stores/:metaSiteId/dashboard/:tabId",
    "externalPatterns": [
      "https\\://www.wix.app/stores/:metaSiteId/%23dashboard/:tabId"
    ],
    "moduleName": "@wix/wix-store-merchant-app"
  },
  {
    "linkPattern": "stores/:metaSiteId/catalog/:productId",
    "externalPatterns": [
      "https\\://www.wix.app/stores/:metaSiteId/catalog/:productId"
    ],
    "moduleName": "@wix/wix-store-merchant-app"
  },
  {
    "linkPattern": "stores/:metaSiteId/shipping/",
    "externalPatterns": [
      "https\\://www.wix.app/stores/:metaSiteId/shipping"
    ],
    "moduleName": "@wix/wix-store-merchant-app"
  },
  {
    "linkPattern": "myOrders/",
    "externalPatterns": [
      "https\\://www.wix.app/account/my-orders/:orderId"
    ],
    "moduleName": "@wix/wix-store-merchant-app"
  },
  {
    "linkPattern": "invoices/invoice/:quoteId/:instanceId",
    "externalPatterns": [
      "https\\://www.wix.com/my-account/app/13ee94c1-b635-8505-3391-97919052c16f/:instanceId/:quoteId"
    ],
    "pushNotificationCategories": [
      "invoices/invoice"
    ],
    "moduleName": "@wix/wix-invoices-mobile"
  },
  {
    "linkPattern": "invoices/:instanceId",
    "externalPatterns": [
      "https\\://www.wix.com/my-account/app/13ee94c1-b635-8505-3391-97919052c16f/:instanceId"
    ],
    "moduleName": "@wix/wix-invoices-mobile"
  },
  {
    "linkPattern": "stores/:businessId/pos",
    "moduleName": "@wix/wix-one-app-pos"
  },
  {
    "linkPattern": "app/:metaSiteId/memberships/manager",
    "externalPatterns": [
      "wix\\://app/:metaSiteId/memberships/manager"
    ],
    "moduleName": "@wix/wix-one-app-memberships"
  },
  {
    "linkPattern": "app/:metaSiteId/memberships/manager/list",
    "externalPatterns": [
      "wix\\://app/:metaSiteId/memberships/manager/list"
    ],
    "moduleName": "@wix/wix-one-app-memberships"
  },
  {
    "linkPattern": "app/:businessId/memberships/order/:orderId",
    "externalPatterns": [
      "wix\\://app/:businessId/memberships/order/:orderId"
    ],
    "moduleName": "@wix/wix-one-app-memberships"
  },
  {
    "linkPattern": "promote/home/:businessId",
    "moduleName": "@wix/wix-promote-app-module"
  },
  {
    "linkPattern": "blog/post/:postId",
    "externalPatterns": [
      "wix\\://blog/post/:postId"
    ],
    "moduleName": "@wix/wix-one-app-new-blog"
  },
  {
    "linkPattern": "blog/post/:metaSiteId/:postId",
    "externalPatterns": [
      "wix\\://blog/post/:metaSiteId/:postId"
    ],
    "moduleName": "@wix/wix-one-app-new-blog"
  },
  {
    "linkPattern": "blog/post-comment/:metaSiteId/:postId/:commentId",
    "externalPatterns": [
      "wix\\://blog/post-comment/:metaSiteId/:postId/:commentId"
    ],
    "moduleName": "@wix/wix-one-app-new-blog"
  },
  {
    "linkPattern": "wixReads/post/:metaSiteId/:postId",
    "externalPatterns": [
      "wix\\://wixReads/post/:metaSiteId/:postId"
    ],
    "moduleName": "@wix/wix-one-app-new-blog"
  },
  {
    "linkPattern": "blog/category/:metaSiteId/:categoryId",
    "externalPatterns": [
      "wix\\://blog/category/:metaSiteId/:categoryId"
    ],
    "moduleName": "@wix/wix-one-app-new-blog"
  },
  {
    "linkPattern": "blog/dashboard/:metaSiteId",
    "externalPatterns": [
      "wix\\://blog/dashboard/:metaSiteId"
    ],
    "moduleName": "@wix/wix-one-app-new-blog"
  },
  {
    "linkPattern": "blog/published-posts/:metaSiteId",
    "externalPatterns": [
      "wix\\://blog/published-posts/:metaSiteId"
    ],
    "moduleName": "@wix/wix-one-app-new-blog"
  },
  {
    "linkPattern": "notifications/pod",
    "moduleName": "@wix/wix-one-app-notifications"
  },
  {
    "linkPattern": "notification-settings",
    "moduleName": "@wix/wix-one-app-notifications"
  },
  {
    "linkPattern": "notifications/list/:metaSiteId",
    "moduleName": "@wix/wix-one-app-notifications"
  },
  {
    "linkPattern": "notifications/external-url/:metaSiteId",
    "moduleName": "@wix/wix-one-app-notifications"
  },
  {
    "linkPattern": "notifications/settings/:metaSiteId",
    "moduleName": "@wix/wix-one-app-notifications"
  },
  {
    "linkPattern": "contacts/contact-card/:id",
    "moduleName": "@wix/wix-one-app-contacts"
  },
  {
    "linkPattern": "contacts/blocked-members",
    "moduleName": "@wix/wix-one-app-contacts"
  },
  {
    "linkPattern": "contacts/pending-site-member/:contactId",
    "moduleName": "@wix/wix-one-app-contacts"
  },
  {
    "linkPattern": "contacts/badges/:businessId/manage",
    "moduleName": "@wix/wix-one-app-contacts"
  },
  {
    "linkPattern": "contacts/contact-list",
    "moduleName": "@wix/wix-one-app-contacts"
  },
  {
    "linkPattern": "contacts/:businessId/create",
    "moduleName": "@wix/wix-one-app-contacts"
  },
  {
    "linkPattern": "mobile/payments/settings/:metaSiteId",
    "moduleName": "@wix/wix-one-app-merchant-settings"
  },
  {
    "linkPattern": "mobile/payments/merchant/dev-configurator",
    "moduleName": "@wix/wix-one-app-merchant-settings"
  },
  {
    "linkPattern": "mobile/payments/merchant/:metaSiteId/payments/:paymentId",
    "moduleName": "@wix/wix-one-app-merchant-settings"
  },
  {
    "linkPattern": "emm/home/:metaSiteId/:mode",
    "moduleName": "@wix/wix-one-app-email-marketing"
  },
  {
    "linkPattern": "one-app-pro-gallery/media/:componentId/:galleryId/:metaSiteId/:mediaId",
    "moduleName": "@wix/wix-one-app-pro-gallery"
  },
  {
    "linkPattern": "one-app-pro-gallery/media/:galleryId/:metaSiteId/:mediaId",
    "moduleName": "@wix/wix-one-app-pro-gallery"
  },
  {
    "linkPattern": "one-app-pro-gallery/gallery/:galleryId/:metaSiteId",
    "moduleName": "@wix/wix-one-app-pro-gallery"
  },
  {
    "linkPattern": "one-app-pro-gallery/gallery/:componentId/:galleryId/:metaSiteId",
    "moduleName": "@wix/wix-one-app-pro-gallery"
  },
  {
    "linkPattern": "one-app-pro-gallery/manager-screen/:metaSiteId",
    "moduleName": "@wix/wix-one-app-pro-gallery"
  },
  {
    "linkPattern": "analytics/:metaSiteId/reports(/:reportCategory)",
    "moduleName": "@wix/wix-one-app-analytics"
  },
  {
    "linkPattern": "analytics/:metaSiteId/report(/:dashboardId(/:measure))",
    "moduleName": "@wix/wix-one-app-analytics"
  },
  {
    "linkPattern": "analytics/:metaSiteId/overview/:dashboardId",
    "moduleName": "@wix/wix-one-app-analytics"
  },
  {
    "linkPattern": "analytics/:metaSiteId/alerts/manage",
    "moduleName": "@wix/wix-one-app-analytics"
  },
  {
    "linkPattern": "analytics/:metaSiteId/alerts/unsubscribe/:alertId",
    "moduleName": "@wix/wix-one-app-analytics"
  },
  {
    "linkPattern": "analytics/:metaSiteId/insights",
    "moduleName": "@wix/wix-one-app-analytics"
  },
  {
    "linkPattern": "achievements/challenge/:metaSiteId/owner",
    "moduleName": "@wix/wix-one-app-achievements"
  },
  {
    "linkPattern": "achievements/challenge/:metaSiteId/:challengeId",
    "moduleName": "@wix/wix-one-app-achievements"
  },
  {
    "linkPattern": "achievements/challenge/:metaSiteId/:challengeId/decline",
    "moduleName": "@wix/wix-one-app-achievements"
  },
  {
    "linkPattern": "achievements/challenge/:metaSiteId/:challengeId/ended",
    "moduleName": "@wix/wix-one-app-achievements"
  },
  {
    "linkPattern": "achievements/challenge/:metaSiteId/:challengeId/:participantId/section/:participantSectionId",
    "moduleName": "@wix/wix-one-app-achievements"
  },
  {
    "linkPattern": "achievements/challenge/:metaSiteId/:challengeId/complete",
    "moduleName": "@wix/wix-one-app-achievements"
  },
  {
    "linkPattern": "achievements/challenge/:metaSiteId/:challengeId/member/stepList",
    "moduleName": "@wix/wix-one-app-achievements"
  },
  {
    "linkPattern": "achievements/challenge/:metaSiteId/:challengeId/owner",
    "moduleName": "@wix/wix-one-app-achievements"
  },
  {
    "linkPattern": "achievements/challenge/:metaSiteId/:challengeId/:participantId/activity",
    "moduleName": "@wix/wix-one-app-achievements"
  },
  {
    "linkPattern": "achievements/challenge/:metaSiteId/:challengeId/participants",
    "moduleName": "@wix/wix-one-app-achievements"
  },
  {
    "linkPattern": "achievements/challenge/:metaSiteId/:challengeId/approvals",
    "moduleName": "@wix/wix-one-app-achievements"
  },
  {
    "linkPattern": "discovery/magazine",
    "moduleName": "@wix/wix-one-app-discovery"
  },
  {
    "linkPattern": "discovery/findMyPlaces",
    "moduleName": "@wix/wix-one-app-discovery"
  },
  {
    "linkPattern": "photoalbums/manage/order/:orderNumber",
    "moduleName": "@wix/wix-one-photo-albums"
  },
  {
    "linkPattern": "lists/:businessId/:albumId/:collectionId/selectedmedia",
    "externalPatterns": [
      "https://manage.wix.app/lists/:businessId/:albumId/:collectionId/selectedmedia"
    ],
    "moduleName": "@wix/wix-one-photo-albums"
  },
  {
    "linkPattern": "lists/:businessId/:albumId/:collectionId/discussion",
    "externalPatterns": [
      "https://manage.wix.app/lists/:businessId/:albumId/:collectionId/discussion"
    ],
    "moduleName": "@wix/wix-one-photo-albums"
  },
  {
    "linkPattern": "lists/:businessId/:albumId/:collectionId/member/:memberId",
    "externalPatterns": [
      "https://manage.wix.app/lists/:businessId/:albumId/:collectionId/member/:memberId"
    ],
    "moduleName": "@wix/wix-one-photo-albums"
  },
  {
    "linkPattern": "lists/:businessId/:albumId/:collectionId/media/:mediaId",
    "externalPatterns": [
      "https://manage.wix.app/lists/:businessId/:albumId/:collectionId/media/:mediaId"
    ],
    "moduleName": "@wix/wix-one-photo-albums"
  },
  {
    "linkPattern": "virtual-numbers/incoming-call",
    "externalPatterns": [
      "wix://virtual-numbers/incoming-call"
    ],
    "moduleName": "@wix/wix-one-app-virtual-numbers"
  },
  {
    "linkPattern": "virtual-numbers/onboarding/:metaSiteId",
    "externalPatterns": [
      "wix://virtual-numbers/onboarding/:metaSiteId"
    ],
    "moduleName": "@wix/wix-one-app-virtual-numbers"
  },
  {
    "linkPattern": "restaurants/reservation_details/:metaSiteId/:reservationId",
    "externalPatterns": [
      "wix://restaurants/new_reservation/:metaSiteId/:reservationId",
      "wix://restaurants/reservation_canceled/:metaSiteId/:reservationId"
    ],
    "moduleName": "@wix/wix-one-app-restaurants"
  },
  {
    "linkPattern": "restaurants/order_details/:metaSiteId/:orderId",
    "externalPatterns": [
      "wix://restaurants/new_order/:metaSiteId/:orderId"
    ],
    "moduleName": "@wix/wix-one-app-restaurants"
  },
  {
    "linkPattern": "restaurants/manage_reservations/:metaSiteId",
    "moduleName": "@wix/wix-one-app-restaurants"
  },
  {
    "linkPattern": "restaurants/manage_orders/:metaSiteId",
    "moduleName": "@wix/wix-one-app-restaurants"
  },
  {
    "linkPattern": "restaurants/manage_menus/:metaSiteId",
    "moduleName": "@wix/wix-one-app-restaurants"
  },
  {
    "linkPattern": "restaurants/dashboard_manage_tab/:metaSiteId",
    "moduleName": "@wix/wix-one-app-restaurants"
  },
  {
    "linkPattern": "facebookAds/:metaSiteId/campaign",
    "moduleName": "@wix/wix-one-app-facebook-ads"
  },
  {
    "linkPattern": "facebookAds/:metaSiteId/campaign/:id",
    "moduleName": "@wix/wix-one-app-facebook-ads"
  },
  {
    "linkPattern": "artstore/manage/order/:orderNumber",
    "moduleName": "@wix/wix-one-art-store"
  },
  {
    "linkPattern": "shared-gallery/:metaSiteId/:albumId",
    "moduleName": "@wix/wix-one-app-shared-gallery"
  },
  {
    "linkPattern": "shared-gallery/:metaSiteId/preview/:imageId",
    "moduleName": "@wix/wix-one-app-shared-gallery"
  },
  {
    "linkPattern": "auth/loginMagicLink/:passportId",
    "moduleName": "@wix/wix-one-app-auth"
  },
  {
    "linkPattern": "lists/:businessId/:collectionId",
    "moduleName": "@wix/wix-one-app-selections"
  },
  {
    "linkPattern": "lists/:businessId/:collectionId/:mediaId",
    "moduleName": "@wix/wix-one-app-selections"
  }
]