{
  "wix.richContent.viewer": "@wix/wix-one-app-rich-content",
  "wix.richContent.editor": "@wix/wix-one-app-rich-content",
  "wix.richContent.editorPluginImageEditId": "@wix/wix-one-app-rich-content",
  "wix.richContent.editorPluginGalleryImageEditId": "@wix/wix-one-app-rich-content",
  "wix.richContent.editorPluginGalleryEditId": "@wix/wix-one-app-rich-content",
  "wix.richContent.editorPluginGifEdit": "@wix/wix-one-app-rich-content",
  "wix.richContent.editorPluginPollEdit": "@wix/wix-one-app-rich-content",
  "wix.richContent.editorPluginPollTemplates": "@wix/wix-one-app-rich-content",
  "wix.richContent.editorPluginPollVoters": "@wix/wix-one-app-rich-content",
  "wix.richContent.loader": "@wix/wix-one-app-rich-content",
  "wix.richContent.options": "@wix/wix-one-app-rich-content",
  "wix.richContent.dividerStyleSelectorComponentId": "@wix/wix-one-app-rich-content",
  "wix.richContent.dividerSizeSelectorComponentId": "@wix/wix-one-app-rich-content",
  "wix.richContent.editorPluginLinkEdit": "@wix/wix-one-app-rich-content",
  "wix.richContent.editorPluginVideoSettings": "@wix/wix-one-app-rich-content",
  "wix.platform.EditTabPermissionsScreen": "@wix/wix-one-app-platform",
  "wix.platform.BlockedScreenError": "@wix/wix-one-app-platform",
  "wix.platform.KillSwitchScreen": "@wix/wix-one-app-platform",
  "wix.platform.InAppModalScreen": "@wix/wix-one-app-platform",
  "wix.platform.editInviteCode": "@wix/wix-one-app-platform",
  "wix.platform.editPlaceCard": "@wix/wix-one-app-platform",
  "wix.platform.displayInviteCode": "@wix/wix-one-app-platform",
  "wix.platform.mobileSettingsScreen": "@wix/wix-one-app-platform",
  "wix.platform.aboutTabRichContentEditModal": "@wix/wix-one-app-platform",
  "wix.platform.LoaderOverlay": "@wix/wix-one-app-platform",
  "wix.platform.LoaderScreen": "@wix/wix-one-app-platform",
  "wix.platform.home": "@wix/wix-one-app-platform",
  "wix.platform.home.header": "@wix/wix-one-app-platform",
  "wix.platform.home.edit.deletePlaceMessage": "@wix/wix-one-app-platform",
  "wix.platform.home.edit": "@wix/wix-one-app-platform",
  "wix.platform.home.addShortcut": "@wix/wix-one-app-platform",
  "wix.platform.home.addShortcutForBusiness": "@wix/wix-one-app-platform",
  "wix.platform.home.editShortcut": "@wix/wix-one-app-platform",
  "wix.platform.home.SitefullOnboarding": "@wix/wix-one-app-platform",
  "wix.platform.home.SitefullOnboarding.slideShow": "@wix/wix-one-app-platform",
  "wix.platform.club": "@wix/wix-one-app-platform",
  "wix.platform.NMVDiscovery": "@wix/wix-one-app-platform",
  "wix.platform.editor": "@wix/wix-one-app-platform",
  "wix.platform.editor.editHeader": "@wix/wix-one-app-platform",
  "wix.platform.editor.editTabs": "@wix/wix-one-app-platform",
  "wix.platform.editor.editWelcomeMessage": "@wix/wix-one-app-platform",
  "wix.platform.editor.RenameTab": "@wix/wix-one-app-platform",
  "wix.platform.editor.catalog": "@wix/wix-one-app-platform",
  "wix.platform.editor.settings": "@wix/wix-one-app-platform",
  "wix.platform.dashboard": "@wix/wix-one-app-platform",
  "wix.platform.dashboard.permissions": "@wix/wix-one-app-platform",
  "wix.platform.dashboard.businessSettings": "@wix/wix-one-app-platform",
  "wix.platform.dashboard.editQuickActions": "@wix/wix-one-app-platform",
  "wix.platform.dashboard.CreateWebsite": "@wix/wix-one-app-platform",
  "wix.platform.dashboard.EditWebsite": "@wix/wix-one-app-platform",
  "wix.platform.dashboard.WebsiteWebViewScreen": "@wix/wix-one-app-platform",
  "wix.platform.addApps": "@wix/wix-one-app-platform",
  "wix.platform.addItems": "@wix/wix-one-app-platform",
  "wix.platform.addApps.appAddedSplash": "@wix/wix-one-app-platform",
  "wix.platform.addApps.appDetails": "@wix/wix-one-app-platform",
  "wix.platform.editHeader": "@wix/wix-one-app-platform",
  "wix.platform.editHeader.logoMakerWebView": "@wix/wix-one-app-platform",
  "wix.platform.editHeader.renameTab": "@wix/wix-one-app-platform",
  "wix.platform.mobilePlaceStrength": "@wix/wix-one-app-platform",
  "wix.platform.impersonate": "@wix/wix-one-app-platform",
  "wix.platform.announcementsListScreen": "@wix/wix-one-app-platform",
  "wix.platform.announcementDetailsModal": "@wix/wix-one-app-platform",
  "wix.platform.renewPremium": "@wix/wix-one-app-platform",
  "wix.platform.generalInfoScreen": "@wix/wix-one-app-platform",
  "wix.platform.editUpdateMessage": "@wix/wix-one-app-platform",
  "wix.platform.updateMessage": "@wix/wix-one-app-platform",
  "wix.platform.hideYourMembersModal": "@wix/wix-one-app-platform",
  "wix.platform.updateVersionScreen": "@wix/wix-one-app-platform",
  "wix.platform.versionNoLongerSupportScreen": "@wix/wix-one-app-platform",
  "wix.platform.placeHeaderPreview": "@wix/wix-one-app-platform",
  "wix.platform.memberViewHeaderPreview": "@wix/wix-one-app-platform",
  "wix.platform.selectPlacesScreen": "@wix/wix-one-app-platform",
  "wix.platform.editOverviewScreen": "@wix/wix-one-app-platform",
  "wix.platform.dashboardUpcomingWidget": "@wix/wix-one-app-platform",
  "wix.platform.membersUpcomingWidget": "@wix/wix-one-app-platform",
  "wix.platform.newMembersUpcomingWidget": "@wix/wix-one-app-platform",
  "wix.platform.meUpcomingWidget": "@wix/wix-one-app-platform",
  "wix.platform.FullAgenda": "@wix/wix-one-app-platform",
  "wix.platform.topBarBadgedButton": "@wix/wix-one-app-platform",
  "wix.platform.dashboard.spaceBetweenWidgets": "@wix/wix-one-app-platform",
  "wix.platform.general.contact_section": "@wix/wix-one-app-platform",
  "wix.platform.general.contact_section.settings": "@wix/wix-one-app-platform",
  "wix.platform.general.announcement_section": "@wix/wix-one-app-platform",
  "wix.platform.general.announcement_section.settings": "@wix/wix-one-app-platform",
  "wix.platform.general.upcoming_section": "@wix/wix-one-app-platform",
  "wix.platform.general.upcoming_section.settings": "@wix/wix-one-app-platform",
  "wix.platform.general.content_section": "@wix/wix-one-app-platform",
  "wix.platform.general.content_section.settings": "@wix/wix-one-app-platform",
  "wix.platform.elements.divider_section": "@wix/wix-one-app-platform",
  "wix.platform.elements.divider_section.settings": "@wix/wix-one-app-platform",
  "wix.platform.elements.video_section": "@wix/wix-one-app-platform",
  "wix.platform.elements.video_section.settings": "@wix/wix-one-app-platform",
  "wix.platform.elements.image_section": "@wix/wix-one-app-platform",
  "wix.platform.elements.image_section.settings": "@wix/wix-one-app-platform",
  "wix.platform.elements.button_section": "@wix/wix-one-app-platform",
  "wix.platform.elements.button_section.settings": "@wix/wix-one-app-platform",
  "wix.platform.elements.title_section": "@wix/wix-one-app-platform",
  "wix.platform.elements.title_section.settings": "@wix/wix-one-app-platform",
  "wix.platform.webViewScreen": "@wix/wix-one-app-platform",
  "wix.platform.BucketCompletedScreen": "@wix/wix-one-app-platform",
  "wix.platform.dashboard.upgrade": "@wix/wix-one-app-platform",
  "wix.platform.DeeplinkErrorScreen": "@wix/wix-one-app-platform",
  "wix.platform.ManageRoles": "@wix/wix-one-app-platform",
  "wix.platform.InviteContributorScreen": "@wix/wix-one-app-platform",
  "wix.platform.ChangeRoleScreen": "@wix/wix-one-app-platform",
  "wix.platform.dashboard.premiumValues": "@wix/wix-one-app-platform",
  "wix.platform.adminAppDownloadScreen": "@wix/wix-one-app-platform",
  "wix.platform.downloadAppScreen": "@wix/wix-one-app-platform",
  "wix.platform.downloadAppBanner": "@wix/wix-one-app-platform",
  "wix.platform.adminRolloutWidget": "@wix/wix-one-app-platform",
  "invites.InviteMembers": "@wix/wix-one-app-invites",
  "invites.AcceptInvitationWrapper": "@wix/wix-one-app-invites",
  "invites.CreationSelectApps": "@wix/wix-one-app-invites",
  "invites.EnterCode": "@wix/wix-one-app-invites",
  "invites.JoinScreen": "@wix/wix-one-app-invites",
  "invites.JoinCodeDetails": "@wix/wix-one-app-invites",
  "invites.JoinRequestPassword": "@wix/wix-one-app-invites",
  "invites.WebView": "@wix/wix-one-app-invites",
  "invites.WebBanner": "@wix/wix-one-app-invites",
  "invites.InviteWixContacts": "@wix/wix-one-app-invites",
  "invites.InviteActionsScreen": "@wix/wix-one-app-invites",
  "invites.InviteWithCode": "@wix/wix-one-app-invites",
  "invites.FindMyOtherPlaces": "@wix/wix-one-app-invites",
  "invites.FindMyOtherPlacesWrapper": "@wix/wix-one-app-invites",
  "invites.OtherPlacesResult": "@wix/wix-one-app-invites",
  "invites.InvitePhoneContacts": "@wix/wix-one-app-invites",
  "invites.FTECustomizePlaceV2MainScreen": "@wix/wix-one-app-invites",
  "invites.FTECustomizePlaceUpdateMembersModal": "@wix/wix-one-app-invites",
  "invites.FitnessFTE": "@wix/wix-one-app-invites",
  "invites.EmailPreview": "@wix/wix-one-app-invites",
  "invites.NonVerticalFTE": "@wix/wix-one-app-invites",
  "invites.InviteSiteMembers": "@wix/wix-one-app-invites",
  "invites.CustomizeWizardOpening": "@wix/wix-one-app-invites",
  "invites.CustomizeWizardSteps": "@wix/wix-one-app-invites",
  "invites.CustomizeWizardClosing": "@wix/wix-one-app-invites",
  "invites.SegmentedStunningMeter": "@wix/wix-one-app-invites",
  "invites.InviteePreLoginPoster": "@wix/wix-one-app-invites",
  "invites.InviteBanner": "@wix/wix-one-app-invites",
  "invites.JoinPlaceDetailsComponent": "@wix/wix-one-app-invites",
  "invites.InvitePrivacyLegalFooter": "@wix/wix-one-app-invites",
  "invites.switchUserMailSentSuccess": "@wix/wix-one-app-invites",
  "invites.homeFooter": "@wix/wix-one-app-invites",
  "invites.SegmentedMobileLevelBanner": "@wix/wix-one-app-invites",
  "invites.SegmentedSetUpYourMobilePlace": "@wix/wix-one-app-invites",
  "invites.SegmentedStunningMeterComponent": "@wix/wix-one-app-invites",
  "hotels.Dashboard": "@wix/wix-hotels-mobile-app",
  "hotels.ReservationExtraCharges": "@wix/wix-hotels-mobile-app",
  "hotels.ReservationUnitPicker": "@wix/wix-hotels-mobile-app",
  "hotels.ReservationEditUnitPicker": "@wix/wix-hotels-mobile-app",
  "hotels.CountryModal": "@wix/wix-hotels-mobile-app",
  "hotels.ReservationFormDetails": "@wix/wix-hotels-mobile-app",
  "hotels.ReservationFormGuestDetails": "@wix/wix-hotels-mobile-app",
  "hotels.Reservation": "@wix/wix-hotels-mobile-app",
  "hotels.ReservationNotification": "@wix/wix-hotels-mobile-app",
  "hotels.ReviewReservation": "@wix/wix-hotels-mobile-app",
  "hotels.ReservationEditView": "@wix/wix-hotels-mobile-app",
  "hotels.ReservationStatus": "@wix/wix-hotels-mobile-app",
  "hotels.ReservationFormConfirmation": "@wix/wix-hotels-mobile-app",
  "hotels.UnitsList": "@wix/wix-hotels-mobile-app",
  "hotels.UnitListNewRateConfirmation": "@wix/wix-hotels-mobile-app",
  "hotels.UnitListNewRate": "@wix/wix-hotels-mobile-app",
  "forum.screens.CategoriesSettings": "@wix/wix-one-app-forum",
  "forum.screens.ManageForum": "@wix/wix-one-app-forum",
  "forum.screens.ForumCategories": "@wix/wix-one-app-forum",
  "forum.screens.ForumCategorySelection": "@wix/wix-one-app-forum",
  "forum.screens.CategoryFeed": "@wix/wix-one-app-forum",
  "forum.screens.MovePost": "@wix/wix-one-app-forum",
  "forum.screens.ForumViewPostNotificationScreen": "@wix/wix-one-app-forum",
  "forum.screens.ForumCreatePostNotificationScreen": "@wix/wix-one-app-forum",
  "forum.screens.ForumAllPostsNotificationScreen": "@wix/wix-one-app-forum",
  "forum.screens.NewPostScreen": "@wix/wix-one-app-forum",
  "forum.screens.NewRichPostScreen": "@wix/wix-one-app-forum",
  "forum.screens.PostScreenV2": "@wix/wix-one-app-forum",
  "forum.screens.Likes": "@wix/wix-one-app-forum",
  "forum.screens.NewCategoryScreen": "@wix/wix-one-app-forum",
  "forum.screens.EditCategoryScreen": "@wix/wix-one-app-forum",
  "forum.screens.VideoFramingModal": "@wix/wix-one-app-forum",
  "forum.screens.CategoryFilterAndSortScreen": "@wix/wix-one-app-forum",
  "forum.screens.CategorySettingsScreen": "@wix/wix-one-app-forum",
  "forum.screens.CategoryMembersScreen": "@wix/wix-one-app-forum",
  "forum.screens.CategoryMembersSelectionScreen": "@wix/wix-one-app-forum",
  "forum.screens.CategorySettingsScreen-Post": "@wix/wix-one-app-forum",
  "forum.screens.CategorySettingsScreen-Access": "@wix/wix-one-app-forum",
  "forum.screens.CategorySettingsScreen-Visibility": "@wix/wix-one-app-forum",
  "forum.screens.CategoryRolesScreen": "@wix/wix-one-app-forum",
  "forum.screens.CategoryBadgesScreen": "@wix/wix-one-app-forum",
  "forum.screens.SearchForumScreen": "@wix/wix-one-app-forum",
  "forum.screens.PostList": "@wix/wix-one-app-forum",
  "forum.screens.PostTypeSelection": "@wix/wix-one-app-forum",
  "forum.screens.OwnerAppPostList": "@wix/wix-one-app-forum",
  "forum.screens.Forum": "@wix/wix-one-app-forum",
  "forum.components.PostListSettings": "@wix/wix-one-app-forum",
  "forum.components.CategoryList": "@wix/wix-one-app-forum",
  "forum.components.CategoryListSettings": "@wix/wix-one-app-forum",
  "forum.components.SearchButton": "@wix/wix-one-app-forum",
  "forum.components.ForumActivity": "@wix/wix-one-app-forum",
  "forum.components.ForumActivitySkeleton": "@wix/wix-one-app-forum",
  "chat.memberChatroomScreen": "@wix/wix-inbox-mobile",
  "chat.memberChatroomScreen.notAsWixScreen": "@wix/wix-inbox-mobile",
  "chat.groupChatroomScreen": "@wix/wix-inbox-mobile",
  "chat.groupChatroomScreen.notAsWixScreen": "@wix/wix-inbox-mobile",
  "chat.broadcastChatroomScreen": "@wix/wix-inbox-mobile",
  "chat.onboardingChatroomScreen": "@wix/wix-inbox-mobile",
  "chat.chat-tab": "@wix/wix-inbox-mobile",
  "chat.InboxForAdmin": "@wix/wix-inbox-mobile",
  "chat.InboxForMember": "@wix/wix-inbox-mobile",
  "chat.InboxForRestaurants": "@wix/wix-inbox-mobile",
  "chat.inbox.chatroom": "@wix/wix-inbox-mobile",
  "chat.inbox.chatroom.notAsWixScreen": "@wix/wix-inbox-mobile",
  "chat.chatrooms-list-header": "@wix/wix-inbox-mobile",
  "chat.notifications": "@wix/wix-inbox-mobile",
  "chat.settings": "@wix/wix-inbox-mobile",
  "chat.settings.chatStatus": "@wix/wix-inbox-mobile",
  "chat.settings.gmailStatus": "@wix/wix-inbox-mobile",
  "chat.settings.aboutWixInbox": "@wix/wix-inbox-mobile",
  "chat.contactsPicker": "@wix/wix-inbox-mobile",
  "chat.topBarBusinessPicker": "@wix/wix-inbox-mobile",
  "chat.gmail-integration": "@wix/wix-inbox-mobile",
  "chat.chat-rooms-list": "@wix/wix-inbox-mobile",
  "chat.availability-status-toggle": "@wix/wix-inbox-mobile",
  "chat.visitors-widget": "@wix/wix-inbox-mobile",
  "chat.visitors-list": "@wix/wix-inbox-mobile",
  "chat.visitors-list-deep-link": "@wix/wix-inbox-mobile",
  "chat.visitors-widget-skeleton": "@wix/wix-inbox-mobile",
  "chat.availabilityHoursBadgedButton": "@wix/wix-inbox-mobile",
  "chat.inbox.chatroom.nav.bar": "@wix/wix-inbox-mobile",
  "chat.messageInfo.screen": "@wix/wix-inbox-mobile",
  "chat.requestPayment.screen": "@wix/wix-inbox-mobile",
  "chat.webView.screen": "@wix/wix-inbox-mobile",
  "chat.chatListFilter": "@wix/wix-inbox-mobile",
  "chat.searchResults.screen": "@wix/wix-inbox-mobile",
  "chat.widget-removed.notification": "@wix/wix-inbox-mobile",
  "chat.selectBroadcastMembersScreen": "@wix/wix-inbox-mobile",
  "chat.expandModeScreen": "@wix/wix-inbox-mobile",
  "chat.saved-replies.list": "@wix/wix-inbox-mobile",
  "chat.saved-replies.edit": "@wix/wix-inbox-mobile",
  "chat.automated-messages.settings": "@wix/wix-inbox-mobile",
  "chat.automated-messages.edit": "@wix/wix-inbox-mobile",
  "chat.group-chat.new-chat-member-selection": "@wix/wix-inbox-mobile",
  "chat.group-chat.add-group-members": "@wix/wix-inbox-mobile",
  "chat.group-chat.new-chat-details-selection": "@wix/wix-inbox-mobile",
  "chat.group-chat.group-details": "@wix/wix-inbox-mobile",
  "chat.group-chat.edit-group-details": "@wix/wix-inbox-mobile",
  "wix.bookings.BookingSummaryScreen": "@wix/wix-one-bookings-member",
  "wix.bookings.ServicePageDeepLink": "@wix/wix-one-bookings-member",
  "wix.bookings.PaymentTypeSelectModal": "@wix/wix-one-bookings-member",
  "wix.bookings.PaymentMethodSelectModal": "@wix/wix-one-bookings-member",
  "wix.bookings.PlanTypeSelectScreen": "@wix/wix-one-bookings-member",
  "wix.bookings.BookingSuccessScreen": "@wix/wix-one-bookings-member",
  "wix.bookings.NewBookingCalendarScreen": "@wix/wix-one-bookings-member",
  "wix.bookings.ServiceDetailsScreen": "@wix/wix-one-bookings-member",
  "wix.bookings.AgendaTab": "@wix/wix-one-bookings-member",
  "wix.bookings.AgendaTabContent": "@wix/wix-one-bookings-member",
  "wix.bookings.MemberPicker": "@wix/wix-one-bookings-member",
  "wix.bookings.SlotAlreadyTaken": "@wix/wix-one-bookings-member",
  "wix.bookings.ServicesListModal": "@wix/wix-one-bookings-member",
  "wix.bookings.FullScreenTextInput": "@wix/wix-one-bookings-member",
  "wix.bookings.ToggleableModal": "@wix/wix-one-bookings-member",
  "wix.bookings.activities.ActivityFeedCards": "@wix/wix-one-bookings-member",
  "wix.bookings.activities.MemberBookings": "@wix/wix-one-bookings-member",
  "wix.bookings.ServiceTypeSelect": "@wix/wix-one-bookings-member",
  "wix.bookings.SubmitNotificationScreen": "@wix/wix-one-bookings-member",
  "wix.bookings.CreationAnimationScreen": "@wix/wix-one-bookings-member",
  "wix.bookings.ServiceCreationForm": "@wix/wix-one-bookings-member",
  "wix.bookings.SelectableListScreen": "@wix/wix-one-bookings-member",
  "wix.bookings.ConnectServicesToPlan": "@wix/wix-one-bookings-member",
  "wix.bookings.SetAvailabilityPriming": "@wix/wix-one-bookings-member",
  "wix.bookings.SetAvailabilitySettings": "@wix/wix-one-bookings-member",
  "wix.bookings.BookingsPolicy": "@wix/wix-one-bookings-member",
  "wix.bookings.StaffList": "@wix/wix-one-bookings-member",
  "wix.bookings.StaffManageForm": "@wix/wix-one-bookings-member",
  "wix.bookings.StaffManageHoursForm": "@wix/wix-one-bookings-member",
  "wix.bookings.DisplaySettings": "@wix/wix-one-bookings-member",
  "wix.bookings.ManageParticipants": "@wix/wix-one-bookings-member",
  "wix.bookings.OwnerSessionsScreen": "@wix/wix-one-bookings-member",
  "wix.bookings.SuccessfullyJoinedWaitingList": "@wix/wix-one-bookings-member",
  "wix.bookings.WaitingListNotificationEnabler": "@wix/wix-one-bookings-member",
  "wix.bookings.MemberSessionScreen": "@wix/wix-one-bookings-member",
  "wix.bookings.EditSession": "@wix/wix-one-bookings-member",
  "wix.bookings.BookOnBehalfModal": "@wix/wix-one-bookings-member",
  "wix.bookings.AddContactToSession": "@wix/wix-one-bookings-member",
  "wix.bookings.AddParticipantToWaitingList": "@wix/wix-one-bookings-member",
  "wix.bookings.AddContactToWaitList": "@wix/wix-one-bookings-member",
  "wix.bookings.AddGroupParticipant": "@wix/wix-one-bookings-member",
  "wix.bookings.BlockOffTime": "@wix/wix-one-bookings-member",
  "wix.bookings.managerApp": "@wix/wix-one-bookings-member",
  "wix.bookings.calendarQuickActionEntryPoint": "@wix/wix-one-bookings-member",
  "wix.bookings.browser": "@wix/wix-one-bookings-member",
  "wix.bookings.PromoCodeModal": "@wix/wix-one-bookings-member",
  "wix.bookings.notifications.newBooking": "@wix/wix-one-bookings-member",
  "wix.bookings.InvitationLoader": "@wix/wix-one-bookings-member",
  "wix.bookings.ServicesList": "@wix/wix-one-bookings-member",
  "wix.bookings.businessApprovalPendingAppointments": "@wix/wix-one-bookings-member",
  "wix.bookings.ScheduleClass": "@wix/wix-one-bookings-member",
  "wix.bookings.ownerCourseScreen": "@wix/wix-one-bookings-member",
  "wix.bookings.memberCourseScreen": "@wix/wix-one-bookings-member",
  "wix.bookings.ownerCourseManageSessionsScreen": "@wix/wix-one-bookings-member",
  "wix.bookings.memberCourseViewSessionsScreen": "@wix/wix-one-bookings-member",
  "wix.bookings.EditCourseSession": "@wix/wix-one-bookings-member",
  "wix.bookings.SessionParticipantBookingDetails": "@wix/wix-one-bookings-member",
  "wix.bookings.AddCourseSession": "@wix/wix-one-bookings-member",
  "wix.bookings.BookingFormReplies": "@wix/wix-one-bookings-member",
  "wix.bookings.BookingsUpdateAppVersion": "@wix/wix-one-bookings-member",
  "wix.bookings.sectionUpcomingBookingsSettings": "@wix/wix-one-bookings-member",
  "wix.bookings.collectOnlinePayment": "@wix/wix-one-bookings-member",
  "wix.bookings.CompletePaymentSuccessScreen": "@wix/wix-one-bookings-member",
  "wix.bookings.sectionPerformanceTrackerSettings": "@wix/wix-one-bookings-member",
  "wix.bookings.EditSessionVCLink": "@wix/wix-one-bookings-member",
  "wix.bookings.clientApp": "@wix/wix-one-bookings-member",
  "wix.bookings.clientAppTabContent": "@wix/wix-one-bookings-member",
  "wix.bookings.membershipServiceList": "@wix/wix-one-bookings-member",
  "wix.bookings.keyboard.ServicesKeyboard": "@wix/wix-one-bookings-member",
  "wix.bookings.keyboard.ServiceListScreen": "@wix/wix-one-bookings-member",
  "wix.bookings.keyboard.ServicePreviewScreen": "@wix/wix-one-bookings-member",
  "wix.bookings.sectionServiceList": "@wix/wix-one-bookings-member",
  "wix.bookings.sectionAgenda": "@wix/wix-one-bookings-member",
  "wix.bookings.sectionPerformanceTracker": "@wix/wix-one-bookings-member",
  "wix.bookings.sectionUpcomingBookings": "@wix/wix-one-bookings-member",
  "wix.coupons.List": "@wix/wix-one-app-coupons",
  "wix.coupons.BasicList": "@wix/wix-one-app-coupons",
  "wix.coupons.CouponTypesScreen": "@wix/wix-one-app-coupons",
  "wix.coupons.ValueScreen": "@wix/wix-one-app-coupons",
  "wix.coupons.CodeNameScreen": "@wix/wix-one-app-coupons",
  "wix.coupons.ApplyCoupon": "@wix/wix-one-app-coupons",
  "wix.coupons.LimitAndDate": "@wix/wix-one-app-coupons",
  "wix.coupons.CouponView": "@wix/wix-one-app-coupons",
  "wix.coupons.DatePicker": "@wix/wix-one-app-coupons",
  "wix.coupons.Save": "@wix/wix-one-app-coupons",
  "wix.coupons.keyboard.CouponListModal": "@wix/wix-one-app-coupons",
  "wix.coupons.keyboard.CouponListScreen": "@wix/wix-one-app-coupons",
  "wix.coupons.keyboard.CouponPreviewScreen": "@wix/wix-one-app-coupons",
  "wix.coupons.Error": "@wix/wix-one-app-coupons",
  "wix.coupons.Preloader": "@wix/wix-one-app-coupons",
  "wix.coupons.CouponStateConnector": "@wix/wix-one-app-coupons",
  "wix.coupons.ScopedList": "@wix/wix-one-app-coupons",
  "crm.tasks.list": "@wix/wix-one-tasks-mobile",
  "crm.tasks.widget": "@wix/wix-one-tasks-mobile",
  "crm.tasks.dashboard-widget": "@wix/wix-one-tasks-mobile",
  "crm.tasks.contact-widget": "@wix/wix-one-tasks-mobile",
  "crm.tasks.profile-widget": "@wix/wix-one-tasks-mobile",
  "crm.tasks.edit-task": "@wix/wix-one-tasks-mobile",
  "crm.tasks.edit-task-by-id": "@wix/wix-one-tasks-mobile",
  "crm.tasks.edit-task-from-notification": "@wix/wix-one-tasks-mobile",
  "crm.tasks.create-task": "@wix/wix-one-tasks-mobile",
  "crm.tasks.dashboard-widget-skeleton": "@wix/wix-one-tasks-mobile",
  "developers.NewDashboardScreen": "@wix/wix-one-developer-utils",
  "developers.NetworkScreen": "@wix/wix-one-developer-utils",
  "developers.NetworkDetailsModal": "@wix/wix-one-developer-utils",
  "developers.StorageManagerScreen": "@wix/wix-one-developer-utils",
  "developers.FeatureTogglesScreen": "@wix/wix-one-developer-utils",
  "developers.SessionDetailsScreen": "@wix/wix-one-developer-utils",
  "developers.ContractsScreen": "@wix/wix-one-developer-utils",
  "developers.ModulesScreen": "@wix/wix-one-developer-utils",
  "developers.TestPushNotificationScreen": "@wix/wix-one-developer-utils",
  "developers.ConsoleScreen": "@wix/wix-one-developer-utils",
  "developers.TriggerErrorsScreen": "@wix/wix-one-developer-utils",
  "developers.SettingsScreen": "@wix/wix-one-developer-utils",
  "developers.ErrorScreen": "@wix/wix-one-developer-utils",
  "developers.InfoScreen": "@wix/wix-one-developer-utils",
  "developers.IOSInfoViewerScreen": "@wix/wix-one-developer-utils",
  "video.FirstTimeScreen": "@wix/wix-one-app-video",
  "video.LiveScreen": "@wix/wix-one-app-video",
  "video.ChannelSelectScreen": "@wix/wix-one-app-video",
  "video.NoChannelsScreen": "@wix/wix-one-app-video",
  "video.EndLiveScreen": "@wix/wix-one-app-video",
  "video.ScheduledSelectScreen": "@wix/wix-one-app-video",
  "video.PermissionScreen": "@wix/wix-one-app-video",
  "video.WixWebsiteScreen": "@wix/wix-one-app-video",
  "video.TipTimeLimitScreen": "@wix/wix-one-app-video",
  "video.TipProScreen": "@wix/wix-one-app-video",
  "video.TipNotPublicScreen": "@wix/wix-one-app-video",
  "video.DeleteSuccessScreen": "@wix/wix-one-app-video",
  "video.ErrorScreen": "@wix/wix-one-app-video",
  "video.Customize": "@wix/wix-one-app-video",
  "video.Home": "@wix/wix-one-app-video",
  "video.Filters": "@wix/wix-one-app-video",
  "video.LoadingScreen": "@wix/wix-one-app-video",
  "video.ShareVideoNew": "@wix/wix-one-app-video",
  "video.VideoIsReady": "@wix/wix-one-app-video",
  "video.BottomToast": "@wix/wix-one-app-video",
  "video.WebViewScreen": "@wix/wix-one-app-video",
  "video.Templates": "@wix/wix-one-app-video",
  "video.TemplatePreview": "@wix/wix-one-app-video",
  "video.VideoMakerAscend": "@wix/wix-one-app-video",
  "video.VideoSettings": "@wix/wix-one-app-video",
  "video.VideoViewer": "@wix/wix-one-app-video",
  "video.YoutubeVideoOverlay": "@wix/wix-one-app-video",
  "video-maker.Customize": "@wix/wix-one-app-video-maker",
  "video-maker.Home": "@wix/wix-one-app-video-maker",
  "video-maker.Filters": "@wix/wix-one-app-video-maker",
  "video-maker.LoadingScreen": "@wix/wix-one-app-video-maker",
  "video-maker.ShareVideoNew": "@wix/wix-one-app-video-maker",
  "video-maker.VideoIsReady": "@wix/wix-one-app-video-maker",
  "video-maker.BottomToast": "@wix/wix-one-app-video-maker",
  "video-maker.WebViewScreen": "@wix/wix-one-app-video-maker",
  "video-maker.Templates": "@wix/wix-one-app-video-maker",
  "video-maker.TemplatePreview": "@wix/wix-one-app-video-maker",
  "video-maker.VideoMakerAscend": "@wix/wix-one-app-video-maker",
  "wix.events.managerApp.Index": "@wix/wix-one-events",
  "wix.events.EventList": "@wix/wix-one-events",
  "wix.events.PublishedEventList": "@wix/wix-one-events",
  "wix.events.DraftEventList": "@wix/wix-one-events",
  "wix.events.EventCards": "@wix/wix-one-events",
  "wix.events.EventDetails": "@wix/wix-one-events",
  "wix.events.MyEventDetails": "@wix/wix-one-events",
  "wix.events.StandaloneEventDetails": "@wix/wix-one-events",
  "wix.events.EditEvent": "@wix/wix-one-events",
  "wix.events.CreateEvent": "@wix/wix-one-events",
  "wix.events.CreateEventForm": "@wix/wix-one-events",
  "wix.events.CreateEventSuccess": "@wix/wix-one-events",
  "wix.events.TicketForm": "@wix/wix-one-events",
  "wix.events.ManageEventCategories": "@wix/wix-one-events",
  "wix.events.ManageOccurrences": "@wix/wix-one-events",
  "wix.events.ManageOccurrence": "@wix/wix-one-events",
  "wix.events.RegistrationFormPrefilled": "@wix/wix-one-events",
  "wix.events.RegistrationForm": "@wix/wix-one-events",
  "wix.events.GuestForm": "@wix/wix-one-events",
  "wix.events.CheckoutForm": "@wix/wix-one-events",
  "wix.events.GuestDetailsForm": "@wix/wix-one-events",
  "wix.events.CheckoutDetails": "@wix/wix-one-events",
  "wix.events.ChooseMembership": "@wix/wix-one-events",
  "wix.events.TicketsPicker": "@wix/wix-one-events",
  "wix.events.RsvpSuccess": "@wix/wix-one-events",
  "wix.events.OrderSuccess": "@wix/wix-one-events",
  "wix.events.ProfileEvents": "@wix/wix-one-events",
  "wix.events.MemberEvents": "@wix/wix-one-events",
  "wix.events.MyEvents": "@wix/wix-one-events",
  "wix.events.MyTickets": "@wix/wix-one-events",
  "wix.events.MyOrders": "@wix/wix-one-events",
  "wix.events.OrderDetails": "@wix/wix-one-events",
  "wix.events.GuestInfoNotification": "@wix/wix-one-events",
  "wix.events.MemberList": "@wix/wix-one-events",
  "wix.events.FiltersModal": "@wix/wix-one-events",
  "wix.events.SelectEventsFilter": "@wix/wix-one-events",
  "wix.events.RsvpInfo": "@wix/wix-one-events",
  "wix.events.OrderInfo": "@wix/wix-one-events",
  "wix.events.TicketInfo": "@wix/wix-one-events",
  "wix.events.RsvpCheckIn": "@wix/wix-one-events",
  "wix.events.QrScanner": "@wix/wix-one-events",
  "wix.events.MessageGuests": "@wix/wix-one-events",
  "wix.events.CouponsChooseTicket": "@wix/wix-one-events",
  "wix.events.CouponsChooseEvent": "@wix/wix-one-events",
  "wix.events.CouponInput": "@wix/wix-one-events",
  "wix.events.FeedNotification": "@wix/wix-one-events",
  "wix.events.PromoteCoupons": "@wix/wix-one-events",
  "wix.events.ConnectEventsToPlan": "@wix/wix-one-events",
  "wix.events.ConnectEventToPlan": "@wix/wix-one-events",
  "wix.events.GuestList": "@wix/wix-one-events",
  "wix.events.StandaloneGuestList": "@wix/wix-one-events",
  "wix.events.OrderList": "@wix/wix-one-events",
  "wix.events.Promote": "@wix/wix-one-events",
  "wix.events.PromoteEmptyState": "@wix/wix-one-events",
  "wix.events.EventDashboard": "@wix/wix-one-events",
  "wix.events.SelectDisplayedEvents": "@wix/wix-one-events",
  "wix.events.EmbeddableSelectDisplayedEvents": "@wix/wix-one-events",
  "wix.events.PolicyModal": "@wix/wix-one-events",
  "wix.events.RegistrationSettings": "@wix/wix-one-events",
  "wix.events.PosSuccess": "@wix/wix-one-events",
  "wix.events.Schedule": "@wix/wix-one-events",
  "wix.events.DashboardSchedule": "@wix/wix-one-events",
  "wix.events.ScheduleItem": "@wix/wix-one-events",
  "wix.events.ScheduleItemForm": "@wix/wix-one-events",
  "wix.events.MyAgenda": "@wix/wix-one-events",
  "wix.events.Discussion": "@wix/wix-one-events",
  "wix.events.RichContentEditor": "@wix/wix-one-events",
  "wix.events.SelectCategories": "@wix/wix-one-events",
  "wix.events.SelectTags": "@wix/wix-one-events",
  "wix.events.clientApp.Index": "@wix/wix-one-events",
  "wix.events.ScheduleSection": "@wix/wix-one-events",
  "wix.events.DiscussionSection": "@wix/wix-one-events",
  "wix.events.GuestsSection": "@wix/wix-one-events",
  "wix.events.MemberWidgetCarouselComponent": "@wix/wix-one-events",
  "wix.events.MemberWidgetCarouselSkeleton": "@wix/wix-one-events",
  "wix.events.DashboardWidgetEventListComponent": "@wix/wix-one-events",
  "wix.events.DashboardWidgetEventListSkeleton": "@wix/wix-one-events",
  "wix.events.EventCardsSectionSettings": "@wix/wix-one-events",
  "wix.events.GuestsSectionSettings": "@wix/wix-one-events",
  "wix.events.DiscussionSectionSettings": "@wix/wix-one-events",
  "wix.events.ScheduleSectionSettings": "@wix/wix-one-events",
  "wix.events.ScheduleBookmarkButton": "@wix/wix-one-events",
  "groups.CreateGroup": "@wix/wix-one-groups",
  "groups.CreateGroupStack": "@wix/wix-one-groups",
  "groups.GroupTemplates": "@wix/wix-one-groups",
  "groups.CreateGroupSuccess": "@wix/wix-one-groups",
  "groups.GroupAppWelcome": "@wix/wix-one-groups",
  "groups.GroupView": "@wix/wix-one-groups",
  "groups.GroupMembers": "@wix/wix-one-groups",
  "groups.GroupSettings": "@wix/wix-one-groups",
  "groups.EditGroupDetails": "@wix/wix-one-groups",
  "groups.GroupPrivacyLevel": "@wix/wix-one-groups",
  "groups.GroupSorting": "@wix/wix-one-groups",
  "groups.GroupPendingMembers": "@wix/wix-one-groups",
  "groups.GroupMemberListSettings": "@wix/wix-one-groups",
  "groups.GroupPermissions": "@wix/wix-one-groups",
  "groups.GroupNotifications": "@wix/wix-one-groups",
  "groups.GroupUpdatesEdit": "@wix/wix-one-groups",
  "groups.GroupMembershipQuestionsList": "@wix/wix-one-groups",
  "groups.GroupTabsEdit": "@wix/wix-one-groups",
  "groups.GroupMembershipQuestionsEditQuestion": "@wix/wix-one-groups",
  "groups.GroupMembershipQuestionsSubmitAnswers": "@wix/wix-one-groups",
  "groups.GroupMembershipQuestionsAnswers": "@wix/wix-one-groups",
  "groups.GroupRulesEdit": "@wix/wix-one-groups",
  "groups.GroupRulesCreateTemplate": "@wix/wix-one-groups",
  "groups.GroupRulesEditRule": "@wix/wix-one-groups",
  "groups.GroupRulesEditRuleModal": "@wix/wix-one-groups",
  "groups.GroupEventsSettings": "@wix/wix-one-groups",
  "groups.GroupsRCE": "@wix/wix-one-groups",
  "groups.FinishScreen": "@wix/wix-one-groups",
  "groups.RenameApp": "@wix/wix-one-groups",
  "groups.AddMembers": "@wix/wix-one-groups",
  "groups.AddMembersStack": "@wix/wix-one-groups",
  "groups.navigation.RejectGroup": "@wix/wix-one-groups",
  "groups.PendingGroupList": "@wix/wix-one-groups",
  "groups.navigation.InstallWebGroup": "@wix/wix-one-groups",
  "groups.GroupSelectionList": "@wix/wix-one-groups",
  "groups.FeedRCE": "@wix/wix-one-groups",
  "groups.feed.ViewPost": "@wix/wix-one-groups",
  "groups.feed.ChooseReaction": "@wix/wix-one-groups",
  "groups.feed.ContentReactions": "@wix/wix-one-groups",
  "groups.JoinedGroupMembers": "@wix/wix-one-groups",
  "groups.FeedTopicsList": "@wix/wix-one-groups",
  "groups.FeedTopicsEdit": "@wix/wix-one-groups",
  "groups.FeedTopicsSet": "@wix/wix-one-groups",
  "groups.FeedTopicsPosts": "@wix/wix-one-groups",
  "groups.AdminHelpGuideFinishToast": "@wix/wix-one-groups",
  "groups.GroupList": "@wix/wix-one-groups",
  "groups.GroupListHorizontal": "@wix/wix-one-groups",
  "groups.ManageGroups": "@wix/wix-one-groups",
  "groups.NewMemberJoined": "@wix/wix-one-groups",
  "groups.NewPendingMember": "@wix/wix-one-groups",
  "groups.Link.LazyGroupView": "@wix/wix-one-groups",
  "groups.Link.LazyPendingGroupList": "@wix/wix-one-groups",
  "groups.InviteLanding": "@wix/wix-one-groups",
  "groups.Link.Post": "@wix/wix-one-groups",
  "groups.Create.Post": "@wix/wix-one-groups",
  "groups.Link.SharedPost": "@wix/wix-one-groups",
  "groups.navigation.Link.RejectedGroup": "@wix/wix-one-groups",
  "groups.navigation.AddGroupsApp": "@wix/wix-one-groups",
  "groups.Link.NewGroupMembers": "@wix/wix-one-groups",
  "groups.GroupListScreen": "@wix/wix-one-groups",
  "groups.CentralFeedScreen": "@wix/wix-one-groups",
  "groups.SelectGroup": "@wix/wix-one-groups",
  "groups.Link.SelectGroup": "@wix/wix-one-groups",
  "groups.CreateGroupQuickAction": "@wix/wix-one-groups",
  "groups.CreateGroupQuickActionTemplates": "@wix/wix-one-groups",
  "groups.Link.CreateGroup": "@wix/wix-one-groups",
  "groups.Link.CreateGroupNotProvisioned": "@wix/wix-one-groups",
  "groups.Link.CreateGroupPromotion": "@wix/wix-one-groups",
  "groups.widget.JoinedGroupsWidget": "@wix/wix-one-groups",
  "groups.widget.JoinedGroupsWidgetSkeleton": "@wix/wix-one-groups",
  "groups.GroupSectionSettings": "@wix/wix-one-groups",
  "groups.GroupAdminWidget": "@wix/wix-one-groups",
  "groups.GroupAdminWidgetSkeleton": "@wix/wix-one-groups",
  "groups.FeedSection": "@wix/wix-one-groups",
  "groups.FeedSectionSettings": "@wix/wix-one-groups",
  "groups.navigation.EmptyFacade": "@wix/wix-one-groups",
  "groups.GroupLink": "@wix/wix-one-groups",
  "groups.GroupCard": "@wix/wix-one-groups",
  "groups.feed.Feed": "@wix/wix-one-groups",
  "groups.feed.Gallery": "@wix/wix-one-groups",
  "groups.feed.Post": "@wix/wix-one-groups",
  "groups.component.BadgedButton": "@wix/wix-one-groups",
  "wix.stores.MyOrders": "@wix/wix-store-merchant-app",
  "wix.stores.MyOrder": "@wix/wix-store-merchant-app",
  "wix.stores.MediaGalleryModal": "@wix/wix-store-merchant-app",
  "wix.stores.AccessDenied": "@wix/wix-store-merchant-app",
  "wix.stores.QRBarScannerScreen": "@wix/wix-store-merchant-app",
  "wix.stores.ProductsNotFoundModal": "@wix/wix-store-merchant-app",
  "wix.stores.DateRangePickerScreen": "@wix/wix-store-merchant-app",
  "wix.stores.HomeScreen": "@wix/wix-store-merchant-app",
  "wix.stores.HomeSearchScreen": "@wix/wix-store-merchant-app",
  "wix.stores.UpgradeScreen": "@wix/wix-store-merchant-app",
  "wix.stores.CatalogScreen": "@wix/wix-store-merchant-app",
  "wix.stores.CollectionListScreen": "@wix/wix-store-merchant-app",
  "wix.stores.OrdersScreen": "@wix/wix-store-merchant-app",
  "wix.stores.ProductsScreen": "@wix/wix-store-merchant-app",
  "wix.stores.KeyboardsSelectionPreview": "@wix/wix-store-merchant-app",
  "wix.stores.KeyboardSearchScreen": "@wix/wix-store-merchant-app",
  "wix.stores.StoresKeyboardScreen": "@wix/wix-store-merchant-app",
  "wix.stores.pos.POSCheckoutScreen": "@wix/wix-store-merchant-app",
  "wix.stores.pos.POSQuantityScreen": "@wix/wix-store-merchant-app",
  "wix.stores.pos.POSQuantityCustomAmountScreen": "@wix/wix-store-merchant-app",
  "wix.stores.pos.POSThankYouScreen": "@wix/wix-store-merchant-app",
  "wix.stores.pos.POSFeedbackScreen": "@wix/wix-store-merchant-app",
  "wix.stores.pos.POSFeedbackAboutScreen": "@wix/wix-store-merchant-app",
  "wix.stores.pos.POSCollectionsScreen": "@wix/wix-store-merchant-app",
  "wix.stores.pos.POSFeedbackFormScreen": "@wix/wix-store-merchant-app",
  "wix.stores.pos.POSDiscountScreen": "@wix/wix-store-merchant-app",
  "wix.stores.pos.POSFixedAmountScreen": "@wix/wix-store-merchant-app",
  "wix.stores.pos.POSPostFeedbackScreen": "@wix/wix-store-merchant-app",
  "wix.stores.pos.POSTaxScreen": "@wix/wix-store-merchant-app",
  "wix.stores.pos.SelectProductScreen": "@wix/wix-store-merchant-app",
  "wix.stores.pos.ProductOptionsModal": "@wix/wix-store-merchant-app",
  "wix.stores.pos.POSCustomerDetailsScreen": "@wix/wix-store-merchant-app",
  "wix.stores.ProductOptionsScreen": "@wix/wix-store-merchant-app",
  "wix.stores.ProductAddOptionScreen": "@wix/wix-store-merchant-app",
  "wix.stores.ProductAddChoiceToOptionScreen": "@wix/wix-store-merchant-app",
  "wix.stores.ProductOptionColorSelectorScreen": "@wix/wix-store-merchant-app",
  "wix.stores.ProductOptionLinkImagesScreen": "@wix/wix-store-merchant-app",
  "wix.stores.OptionsUnlinkImagesScreen": "@wix/wix-store-merchant-app",
  "wix.stores.OptionBankScreen": "@wix/wix-store-merchant-app",
  "wix.stores.EditOptionInBankScreen": "@wix/wix-store-merchant-app",
  "wix.stores.CollectionsModal": "@wix/wix-store-merchant-app",
  "wix.stores.DescriptionModal": "@wix/wix-store-merchant-app",
  "wix.stores.DiscountModal": "@wix/wix-store-merchant-app",
  "wix.stores.InventoryModal": "@wix/wix-store-merchant-app",
  "wix.stores.PhotoManagerModal": "@wix/wix-store-merchant-app",
  "wix.stores.ProductScreen": "@wix/wix-store-merchant-app",
  "wix.stores.DeepLinkProductScreen": "@wix/wix-store-merchant-app",
  "wix.stores.AddProductScreen": "@wix/wix-store-merchant-app",
  "wix.stores.RibbonModal": "@wix/wix-store-merchant-app",
  "wix.stores.VariantModal": "@wix/wix-store-merchant-app",
  "wix.stores.TaxGroupModal": "@wix/wix-store-merchant-app",
  "wix.stores.WarningModal": "@wix/wix-store-merchant-app",
  "wix.stores.CollectionsListScreen": "@wix/wix-store-merchant-app",
  "wix.stores.CollectionScreen": "@wix/wix-store-merchant-app",
  "wix.stores.AddProductsCTAScreen": "@wix/wix-store-merchant-app",
  "wix.stores.CollectionCreatedScreen": "@wix/wix-store-merchant-app",
  "wix.stores.CollectionsSearch": "@wix/wix-store-merchant-app",
  "wix.stores.CollectionsNoProductsScreen": "@wix/wix-store-merchant-app",
  "wix.stores.ProductScannerScreenProps": "@wix/wix-store-merchant-app",
  "wix.stores.ChooseProductScreen": "@wix/wix-store-merchant-app",
  "wix.stores.SelectProductsScreen": "@wix/wix-store-merchant-app",
  "wix.stores.ProductFiltersScreen": "@wix/wix-store-merchant-app",
  "wix.stores.PickCollectionsScreen": "@wix/wix-store-merchant-app",
  "wix.stores.ProductDetails": "@wix/wix-store-merchant-app",
  "wix.stores.OrderScreen": "@wix/wix-store-merchant-app",
  "wix.stores.ActivityScreen": "@wix/wix-store-merchant-app",
  "wix.stores.AddTrackingInfoModal": "@wix/wix-store-merchant-app",
  "wix.stores.SelectCarrierScreen": "@wix/wix-store-merchant-app",
  "wix.stores.NewCarrierScreen": "@wix/wix-store-merchant-app",
  "wix.stores.ProductListScreen": "@wix/wix-store-merchant-app",
  "wix.stores.PaidFulfilledModal": "@wix/wix-store-merchant-app",
  "wix.stores.SendingLinksModal": "@wix/wix-store-merchant-app",
  "wix.stores.CancelRefundUnsupportedProviderModal": "@wix/wix-store-merchant-app",
  "wix.stores.CancelRefundSupportedProviderModal": "@wix/wix-store-merchant-app",
  "wix.stores.CancelOrderModal": "@wix/wix-store-merchant-app",
  "wix.stores.CancelRefundConfirmation": "@wix/wix-store-merchant-app",
  "wix.stores.PayPalPermissionsModal": "@wix/wix-store-merchant-app",
  "wix.stores.QuantityModal": "@wix/wix-store-merchant-app",
  "wix.stores.RefundAmountModal": "@wix/wix-store-merchant-app",
  "wix.stores.RefundOptions": "@wix/wix-store-merchant-app",
  "wix.stores.ProductOptionsPreview": "@wix/wix-store-merchant-app",
  "wix.stores.OrderFiltersScreen": "@wix/wix-store-merchant-app",
  "wix.stores.EditOrderScreen": "@wix/wix-store-merchant-app",
  "wix.stores.settings.SelectAddressScreen": "@wix/wix-store-merchant-app",
  "wix.stores.settings.GeneralShippingScreen": "@wix/wix-store-merchant-app",
  "wix.stores.settings.ShippingRegionScreen": "@wix/wix-store-merchant-app",
  "wix.stores.settings.ShippingServicesScreen": "@wix/wix-store-merchant-app",
  "wix.stores.settings.RuleTypeScreen": "@wix/wix-store-merchant-app",
  "wix.stores.settings.RuleServiceScreen": "@wix/wix-store-merchant-app",
  "wix.stores.settings.StorePickupScreen": "@wix/wix-store-merchant-app",
  "wix.stores.settings.HandlingFeeScreen": "@wix/wix-store-merchant-app",
  "wix.stores.settings.GeneralTaxScreen": "@wix/wix-store-merchant-app",
  "wix.stores.settings.TaxRegionScreen": "@wix/wix-store-merchant-app",
  "wix.stores.settings.CountrySelectorScreen": "@wix/wix-store-merchant-app",
  "wix.stores.settings.CountrySubdivisionScreen": "@wix/wix-store-merchant-app",
  "wix.stores.topBarCartButton": "@wix/wix-store-merchant-app",
  "wix.stores.ProductViewScreen": "@wix/wix-store-merchant-app",
  "wix.stores.MemberStoresScreen": "@wix/wix-store-merchant-app",
  "wix.stores.MemberStoresFullScreen": "@wix/wix-store-merchant-app",
  "wix.stores.ProductCarouselScreen": "@wix/wix-store-merchant-app",
  "wix.stores.CartScreen": "@wix/wix-store-merchant-app",
  "wix.stores.AdditionalInfoScreen": "@wix/wix-store-merchant-app",
  "wix.stores.EditNoteModal": "@wix/wix-store-merchant-app",
  "wix.stores.PromoCodeModal": "@wix/wix-store-merchant-app",
  "wix.stores.CartQuantityModal": "@wix/wix-store-merchant-app",
  "wix.stores.CheckoutSuccess": "@wix/wix-store-merchant-app",
  "wix.stores.ShippingDetails": "@wix/wix-store-merchant-app",
  "wix.stores.BillingDetails": "@wix/wix-store-merchant-app",
  "wix.stores.DeliveryMethods": "@wix/wix-store-merchant-app",
  "wix.stores.OrderReview": "@wix/wix-store-merchant-app",
  "wix.stores.UpgradePremiumModal": "@wix/wix-store-merchant-app",
  "wix.stores.ConnectPaymentsModal": "@wix/wix-store-merchant-app",
  "wix.stores.OrderPolicy": "@wix/wix-store-merchant-app",
  "wix.stores.CartPreview": "@wix/wix-store-merchant-app",
  "wix.stores.MemberOrders": "@wix/wix-store-merchant-app",
  "wix.stores.StorefrontSearchScreen": "@wix/wix-store-merchant-app",
  "wix.stores.MyOrdersByBusinessScreen": "@wix/wix-store-merchant-app",
  "wix.stores.MyOrderByBusinessScreen": "@wix/wix-store-merchant-app",
  "wix.stores.StorefrontSectionSettings": "@wix/wix-store-merchant-app",
  "wix.stores.CartIcon": "@wix/wix-store-merchant-app",
  "wix.stores.DashboardOrdersWidgetV2": "@wix/wix-store-merchant-app",
  "wix.stores.DashboardProductWidget": "@wix/wix-store-merchant-app",
  "media.image.PreviewImageScreen": "@wix/wix-mobile-media-manager",
  "media.management.WixMedia": "@wix/wix-mobile-media-manager",
  "media.management.SelectMedia": "@wix/wix-mobile-media-manager",
  "media.management.SelectMediaPreview": "@wix/wix-mobile-media-manager",
  "media.management.SelectFolderMediaPreview": "@wix/wix-mobile-media-manager",
  "media.management.MediaFolderList": "@wix/wix-mobile-media-manager",
  "media.management.MediaTrashList": "@wix/wix-mobile-media-manager",
  "media.management.MediaPreviewSaving": "@wix/wix-mobile-media-manager",
  "media.management.WixMediaManager": "@wix/wix-mobile-media-manager",
  "media.management.WixMediaManagerFolder": "@wix/wix-mobile-media-manager",
  "media.management.MediaItemrRename": "@wix/wix-mobile-media-manager",
  "media.management.WixMediaFirstTime": "@wix/wix-mobile-media-manager",
  "media.management.WixMediaListViewSettings": "@wix/wix-mobile-media-manager",
  "media.management.FileManagerSelect": "@wix/wix-mobile-media-manager",
  "media.management.FileManagerSelectFolder": "@wix/wix-mobile-media-manager",
  "media.SelectVideoQuality": "@wix/wix-mobile-media-manager",
  "media.selectMediaActionSheet": "@wix/wix-mobile-media-manager",
  "media.rnmm.uploadItem": "@wix/wix-mobile-media-manager",
  "crm.invoices.Totals": "@wix/wix-invoices-mobile",
  "crm.invoices.Main": "@wix/wix-invoices-mobile",
  "crm.invoices.ViewInvoice": "@wix/wix-invoices-mobile",
  "crm.invoices.NotificationViewInvoice": "@wix/wix-invoices-mobile",
  "crm.invoices.InvoiceFilterSelector": "@wix/wix-invoices-mobile",
  "crm.invoices.SendInvoice": "@wix/wix-invoices-mobile",
  "crm.invoices.AddPayment": "@wix/wix-invoices-mobile",
  "crm.invoices.CreateInvoice": "@wix/wix-invoices-mobile",
  "crm.invoices.ExternalCreateInvoice": "@wix/wix-invoices-mobile",
  "crm.invoices.CreateLineItem": "@wix/wix-invoices-mobile",
  "crm.invoices.CreateTax": "@wix/wix-invoices-mobile",
  "crm.invoices.SelectProduct": "@wix/wix-invoices-mobile",
  "crm.invoices.EditProduct": "@wix/wix-invoices-mobile",
  "crm.invoices.AddDiscount": "@wix/wix-invoices-mobile",
  "crm.invoices.BusinessInfo": "@wix/wix-invoices-mobile",
  "crm.invoices.dashboard-widget": "@wix/wix-invoices-mobile",
  "crm.invoices.dashboard-widget-skeleton": "@wix/wix-invoices-mobile",
  "login.LoginRoot": "@wix/native-app-wix-login",
  "login.LoginRootScreen": "@wix/native-app-wix-login",
  "login.VerifySiteMemberPasswordModal": "@wix/native-app-wix-login",
  "login.ConfirmAccountSuccessView": "@wix/native-app-wix-login",
  "login.ConfirmAccountScreen": "@wix/native-app-wix-login",
  "login.PrivacyPolicyDisclaimer": "@wix/native-app-wix-login",
  "login.AlreadySiteMemberWarning": "@wix/native-app-wix-login",
  "login.TwoFactorVerification": "@wix/native-app-wix-login",
  "login.ImpersonationQRScreen": "@wix/native-app-wix-login",
  "wix.pos.PaymentMethodScreen": "@wix/wix-one-app-pos",
  "wix.pos.FixedAmountScreen": "@wix/wix-one-app-pos",
  "wix.pos.EntryScreen": "@wix/wix-one-app-pos",
  "wix.pos.PaymentCashScreen": "@wix/wix-one-app-pos",
  "wix.pos.PaymentCreditCardScreen": "@wix/wix-one-app-pos",
  "wix.pos.PremiumScreen": "@wix/wix-one-app-pos",
  "wix.pos.NoOfflinePaymentScreen": "@wix/wix-one-app-pos",
  "wix.pos.ConnectCardReaderModal": "@wix/wix-one-app-pos",
  "wix.pos.NoCreditCardPaymentScreen": "@wix/wix-one-app-pos",
  "wix.pos.ThankYouScreen": "@wix/wix-one-app-pos",
  "wix.pos.ErrorScreen": "@wix/wix-one-app-pos",
  "wix.pos.SquareHandleTransaction": "@wix/wix-one-app-pos",
  "wix.pos.AccessDenied": "@wix/wix-one-app-pos",
  "wix.pos.SearchModal": "@wix/wix-one-app-pos",
  "wix.pos.OnboardingModal": "@wix/wix-one-app-pos",
  "wix.pos.NonVerticalEntryScreen": "@wix/wix-one-app-pos",
  "wix.pos.CustomAmountScreen": "@wix/wix-one-app-pos",
  "wix.pos.TransactionInfoScreen": "@wix/wix-one-app-pos",
  "wix.pos.FeedbackModal": "@wix/wix-one-app-pos",
  "wix.pos.FeedbackAboutScreen": "@wix/wix-one-app-pos",
  "wix.pos.FeedbackFromScreen": "@wix/wix-one-app-pos",
  "wix.pos.PostFeedbackScreen": "@wix/wix-one-app-pos",
  "wix.pos.PaymentSumUpScreen": "@wix/wix-one-app-pos",
  "wix.pos.ConnectStripeReaderModal": "@wix/wix-one-app-pos",
  "wix.pos.WpReaderSettingsModal": "@wix/wix-one-app-pos",
  "wix.pos.PaymentWpCardReader": "@wix/wix-one-app-pos",
  "wix.pos.WpReaderUpdate": "@wix/wix-one-app-pos",
  "wix.pos.customAmountButton": "@wix/wix-one-app-pos",
  "memberships.screens.LinkForList": "@wix/wix-one-app-memberships",
  "memberships.connectBenefitToPlan": "@wix/wix-one-app-memberships",
  "memberships.screens.EditPlanPolicy": "@wix/wix-one-app-memberships",
  "memberships.screens.clientApp": "@wix/wix-one-app-memberships",
  "memberships.screens.managerApp": "@wix/wix-one-app-memberships",
  "memberships.screens.TaxSettings": "@wix/wix-one-app-memberships",
  "memberships.screens.plansListMember": "@wix/wix-one-app-memberships",
  "memberships.screens.planEdit": "@wix/wix-one-app-memberships",
  "memberships.screens.planCreate": "@wix/wix-one-app-memberships",
  "memberships.screens.planCreateAnimation": "@wix/wix-one-app-memberships",
  "memberships.screens.proposePurchase": "@wix/wix-one-app-memberships",
  "memberships.screens.planCreateEmptyState": "@wix/wix-one-app-memberships",
  "memberships.screens.MySubscriptions": "@wix/wix-one-app-memberships",
  "memberships.screens.MyMemberships": "@wix/wix-one-app-memberships",
  "memberships.screens.contactList": "@wix/wix-one-app-memberships",
  "memberships.screens.selectPlan": "@wix/wix-one-app-memberships",
  "memberships.screens.purchasePreview": "@wix/wix-one-app-memberships",
  "memberships.screens.purchaseConfirmation": "@wix/wix-one-app-memberships",
  "memberships.screens.SubscriptionsManager": "@wix/wix-one-app-memberships",
  "memberships.screens.SubscriptionOverview": "@wix/wix-one-app-memberships",
  "memberships.screens.SubscriptionFilter": "@wix/wix-one-app-memberships",
  "memberships.screens.SubscriptionCancelOptions": "@wix/wix-one-app-memberships",
  "memberships.screens.SubscriptionExtendDuration": "@wix/wix-one-app-memberships",
  "memberships.screens.SubscriptionBookingsSessions": "@wix/wix-one-app-memberships",
  "memberships.screens.ProfileSubscriptions": "@wix/wix-one-app-memberships",
  "memberships.components.ProfileSubscriptions": "@wix/wix-one-app-memberships",
  "memberships.components.connectBenefitToPlans": "@wix/wix-one-app-memberships",
  "memberships.components.memberPlans": "@wix/wix-one-app-memberships",
  "memberships.components.SubscriptionsWidget": "@wix/wix-one-app-memberships",
  "memberships.components.membershipsAndPackagesSection": "@wix/wix-one-app-memberships",
  "memberships.components.subscriptionsWidgetSkeleton": "@wix/wix-one-app-memberships",
  "woafb.Pages": "@wix/wix-mobile-facebook-module",
  "woafb.ShareToPageDialog": "@wix/wix-mobile-facebook-module",
  "woafb.AddLink": "@wix/wix-mobile-facebook-module",
  "promote.UpdateVersion": "@wix/wix-promote-app-module",
  "promote.Composer": "@wix/wix-promote-app-module",
  "promote.Share": "@wix/wix-promote-app-module",
  "promote.Home": "@wix/wix-promote-app-module",
  "promote.WixMedia": "@wix/wix-promote-app-module",
  "promote.fbSuccess": "@wix/wix-promote-app-module",
  "promote.StoryBook": "@wix/wix-promote-app-module",
  "NewBlog.BlogPostNative": "@wix/wix-one-app-new-blog",
  "NewBlog.BlogFeedScreenWrapped": "@wix/wix-one-app-new-blog",
  "NewBlog.postSettingsModal": "@wix/wix-one-app-new-blog",
  "NewBlog.BlogCategoriesModalNative": "@wix/wix-one-app-new-blog",
  "NewBlog.RichPostEditor": "@wix/wix-one-app-new-blog",
  "NewBlog.DashboardPosts": "@wix/wix-one-app-new-blog",
  "NewBlog.PostOwnerFilterModal": "@wix/wix-one-app-new-blog",
  "NewBlog.CategoryEditorModal": "@wix/wix-one-app-new-blog",
  "NewBlog.AllPostsCategoryEditorModal": "@wix/wix-one-app-new-blog",
  "NewBlog.PostNotification": "@wix/wix-one-app-new-blog",
  "NewBlog.PostPublishSuccessModal": "@wix/wix-one-app-new-blog",
  "NewBlog.SharePostModal": "@wix/wix-one-app-new-blog",
  "NewBlog.PostSettings": "@wix/wix-one-app-new-blog",
  "NewBlog.DatePickerModal": "@wix/wix-one-app-new-blog",
  "NewBlog.PostSearch": "@wix/wix-one-app-new-blog",
  "NewBlog.PostStatusFilter": "@wix/wix-one-app-new-blog",
  "NewBlog.Dashboard": "@wix/wix-one-app-new-blog",
  "NewBlog.DashboardCategories": "@wix/wix-one-app-new-blog",
  "NewBlog.SchedulePostModal": "@wix/wix-one-app-new-blog",
  "NewBlog.DisplayOptionsScreen": "@wix/wix-one-app-new-blog",
  "NewBlog.CategoryPostsScreen": "@wix/wix-one-app-new-blog",
  "NewBlog.TagPostsScreen": "@wix/wix-one-app-new-blog",
  "NewBlog.CategoriesStandaloneScreen": "@wix/wix-one-app-new-blog",
  "NewBlog.SubmitPost": "@wix/wix-one-app-new-blog",
  "NewBlog.SiteListScreen": "@wix/wix-one-app-new-blog",
  "NewBlog.SubmitPostPostPreview": "@wix/wix-one-app-new-blog",
  "NewBlog.PostSubmittedScreen": "@wix/wix-one-app-new-blog",
  "NewBlog.SubmitPostFromLinkScreen": "@wix/wix-one-app-new-blog",
  "NewBlog.BlogErrorModal": "@wix/wix-one-app-new-blog",
  "NewBlog.PagesSettingsScreen": "@wix/wix-one-app-new-blog",
  "NewBlog.CarouselDisplayOptionsModal": "@wix/wix-one-app-new-blog",
  "NewBlog.CategoryDisplayOptionsModal": "@wix/wix-one-app-new-blog",
  "NewBlog.BlogSearch": "@wix/wix-one-app-new-blog",
  "NewBlog.BlogSearchPostResultSettingsModal": "@wix/wix-one-app-new-blog",
  "NewBlog.LanguageSelectionModal": "@wix/wix-one-app-new-blog",
  "NewBlog.PostPublishPreviewModal": "@wix/wix-one-app-new-blog",
  "NewBlog.SectionSettings": "@wix/wix-one-app-new-blog",
  "NewBlog.SectionSettingsBlogSearch": "@wix/wix-one-app-new-blog",
  "NewBlog.AdminDashboardPostListWidget": "@wix/wix-one-app-new-blog",
  "NewBlog.CarouselSkeleton": "@wix/wix-one-app-new-blog",
  "NewBlog.DashboardPostsListSkeleton": "@wix/wix-one-app-new-blog",
  "NewBlog.MemberWidgetPostListScreen": "@wix/wix-one-app-new-blog",
  "NewBlog.CategoriesScreen": "@wix/wix-one-app-new-blog",
  "NewBlog.CompactPostListScreen": "@wix/wix-one-app-new-blog",
  "NewBlog.CardPostListScreen": "@wix/wix-one-app-new-blog",
  "NewBlog.CarouselPostListScreen": "@wix/wix-one-app-new-blog",
  "NewBlog.SearchSectionScreen": "@wix/wix-one-app-new-blog",
  "NewBlog.PersonalizedCategoryPostList": "@wix/wix-one-app-new-blog",
  "NewBlog.SubmitPostCard": "@wix/wix-one-app-new-blog",
  "notifications.screens.notificationsList": "@wix/wix-one-app-notifications",
  "notifications.screens.userNotificationsSettings": "@wix/wix-one-app-notifications",
  "notifications.screens.siteNotificationsSettings": "@wix/wix-one-app-notifications",
  "notifications.notificationsSettings": "@wix/wix-one-app-notifications",
  "notifications.screens.pushOnDemand": "@wix/wix-one-app-notifications",
  "notifications.screens.podWebView": "@wix/wix-one-app-notifications",
  "notifications.screens.accountNotifications": "@wix/wix-one-app-notifications",
  "notifications.components.notificationsBubbleSecondPhase": "@wix/wix-one-app-notifications",
  "notifications.components.notificationsBubbleFirstPhase": "@wix/wix-one-app-notifications",
  "notifications.components.topBarNotificationBadge": "@wix/wix-one-app-notifications",
  "account.MyAccountScreen": "@wix/wix-one-app-account",
  "account.ProfileHeaderComponent": "@wix/wix-one-app-account",
  "account.MyAccountSettingsScreen": "@wix/wix-one-app-account",
  "account.MyAccountNewReleasesScreen": "@wix/wix-one-app-account",
  "account.MyAccountUpdateTheAppScreen": "@wix/wix-one-app-account",
  "account.WebsiteScreen": "@wix/wix-one-app-account",
  "account.AboutScreen": "@wix/wix-one-app-account",
  "account.InternalVersionsScreen": "@wix/wix-one-app-account",
  "account.FeedbackScreen": "@wix/wix-one-app-account",
  "account.FeedbackTypeScreen": "@wix/wix-one-app-account",
  "account.ModuleSelectorScreen": "@wix/wix-one-app-account",
  "account.SupportArticleScreen": "@wix/wix-one-app-account",
  "account.ArticleTopicsScreen": "@wix/wix-one-app-account",
  "account.IssueReportScreen": "@wix/wix-one-app-account",
  "account.AppLanguageScreen": "@wix/wix-one-app-account",
  "account.EditAccountDetailsScreen": "@wix/wix-one-app-account",
  "account.HappyMomentScreen": "@wix/wix-one-app-account",
  "account.ConfusedOwnersBottomBanner": "@wix/wix-one-app-account",
  "account.UpdateVersionScreen": "@wix/wix-one-app-account",
  "account.EnablePNScreen": "@wix/wix-one-app-account",
  "account.EnablePlacesPNScreen": "@wix/wix-one-app-account",
  "account.navBarButton.loader": "@wix/wix-one-app-account",
  "account.navBarTitle": "@wix/wix-one-app-account",
  "account.newReleases": "@wix/wix-one-app-account",
  "account.BetaPlanScreen": "@wix/wix-one-app-account",
  "wix.cashier.PaymentScreen": "@wix/one-app-cashier",
  "wix.cashier.SavedCreditCardsScreen": "@wix/one-app-cashier",
  "wix.cashier.BoletoBarcodeScreen": "@wix/one-app-cashier",
  "wix.cashier.PayInstantScreen": "@wix/one-app-cashier",
  "wix.cashier.CreditCardListScreen": "@wix/one-app-cashier",
  "wix.cashier.CreditCardScreen": "@wix/one-app-cashier",
  "wix.cashier.CreditCardWebScreen": "@wix/one-app-cashier",
  "wix.cashier.CVVScreen": "@wix/one-app-cashier",
  "wix.cashier.MandatoryFieldsScreen": "@wix/one-app-cashier",
  "wix.cashier.PaymentResultScreen": "@wix/one-app-cashier",
  "wix.cashier.PayWalletScreen": "@wix/one-app-cashier",
  "contacts.ProfilesScreen": "@wix/wix-one-app-contacts",
  "contacts.ContactsScreen": "@wix/wix-one-app-contacts",
  "contacts.ContactsComponent": "@wix/wix-one-app-contacts",
  "contacts.MembersTab": "@wix/wix-one-app-contacts",
  "contacts.MembersTabComponent": "@wix/wix-one-app-contacts",
  "contacts.FollowersListScreen": "@wix/wix-one-app-contacts",
  "contacts.ContactCardScreen": "@wix/wix-one-app-contacts",
  "contacts.UpdateContactScreen": "@wix/wix-one-app-contacts",
  "contacts.EditMemberProfileScreen": "@wix/wix-one-app-contacts",
  "contacts.ProfileList": "@wix/wix-one-app-contacts",
  "contacts.MemberBadges": "@wix/wix-one-app-contacts",
  "contacts.MemberBadgesAssign": "@wix/wix-one-app-contacts",
  "contacts.MemberBadgesSelect": "@wix/wix-one-app-contacts",
  "contacts.BadgesWidget": "@wix/wix-one-app-contacts",
  "contacts.BadgesWidgetSettings": "@wix/wix-one-app-contacts",
  "contacts.MembersAboutWidget": "@wix/wix-one-app-contacts",
  "contacts.MembersHorizontalWidget": "@wix/wix-one-app-contacts",
  "contacts.MembersHorizontalWidgetSettings": "@wix/wix-one-app-contacts",
  "contacts.BadgeMembers": "@wix/wix-one-app-contacts",
  "contacts.UpdateNoteScreen": "@wix/wix-one-app-contacts",
  "contacts.WebView": "@wix/wix-one-app-contacts",
  "contacts.NewDashboardWidget": "@wix/wix-one-app-contacts",
  "contacts.CreateBadgeScreen": "@wix/wix-one-app-contacts",
  "contacts.ManageBadgesQuickActionScreen": "@wix/wix-one-app-contacts",
  "contacts.IconGalleryScreen": "@wix/wix-one-app-contacts",
  "contacts.BadgesScreen": "@wix/wix-one-app-contacts",
  "contacts.ContactsSelectScreen": "@wix/wix-one-app-contacts",
  "contacts.AboutMeEditorScreen": "@wix/wix-one-app-contacts",
  "contacts.AboutProfileWidget": "@wix/wix-one-app-contacts",
  "contacts.BadgeItem": "@wix/wix-one-app-contacts",
  "contacts.BadgeTeaser": "@wix/wix-one-app-contacts",
  "contacts.IconPreview": "@wix/wix-one-app-contacts",
  "contacts.BadgesProfileWidget": "@wix/wix-one-app-contacts",
  "contacts.NotesProfileWidget": "@wix/wix-one-app-contacts",
  "contacts.ProfileWidgetEmptyState": "@wix/wix-one-app-contacts",
  "contacts.ContactDetailsProfileWidget": "@wix/wix-one-app-contacts",
  "contacts.ContactAttachmentsProfileWidget": "@wix/wix-one-app-contacts",
  "contacts.MyActivitiesProfileWidget": "@wix/wix-one-app-contacts",
  "contacts.AccountInfoProfileWidget": "@wix/wix-one-app-contacts",
  "contacts.MemberCustomFieldsProfileWidget": "@wix/wix-one-app-contacts",
  "contacts.BlockedMembersScreen": "@wix/wix-one-app-contacts",
  "loyalty.screens.LoyaltyPointsManager": "@wix/wix-one-app-loyalty",
  "loyalty.screens.EditPoints": "@wix/wix-one-app-loyalty",
  "loyalty.screens.AddPoints": "@wix/wix-one-app-loyalty",
  "loyalty.screens.ContactChoose": "@wix/wix-one-app-loyalty",
  "loyalty.screens.ProgramSettings": "@wix/wix-one-app-loyalty",
  "loyalty.screens.ProgramDetails": "@wix/wix-one-app-loyalty",
  "loyalty.screens.ProgramDescription": "@wix/wix-one-app-loyalty",
  "loyalty.screens.RedeemPoints": "@wix/wix-one-app-loyalty",
  "loyalty.screens.ProgramInfo": "@wix/wix-one-app-loyalty",
  "loyalty.components.OfferingSection": "@wix/wix-one-app-loyalty",
  "loyalty.components.StatusSection": "@wix/wix-one-app-loyalty",
  "loyalty.components.ContactWidget": "@wix/wix-one-app-loyalty",
  "loyalty.components.DashboardWidget": "@wix/wix-one-app-loyalty",
  "loyalty.components.DashboardWidgetSkeleton": "@wix/wix-one-app-loyalty",
  "wix.one.app.merchant-settings.EntryScreen": "@wix/wix-one-app-merchant-settings",
  "wix.one.app.merchant-settings.PaymentCountryScreen": "@wix/wix-one-app-merchant-settings",
  "wix.one.app.merchant-settings.OfflineMethodScreen": "@wix/wix-one-app-merchant-settings",
  "wix.one.app.merchant-settings.WebViewScreen": "@wix/wix-one-app-merchant-settings",
  "wix.one.app.merchant-settings.PaymentMethodsScreen": "@wix/wix-one-app-merchant-settings",
  "wix.one.app.merchant-settings.PaymentProvidersScreen": "@wix/wix-one-app-merchant-settings",
  "wix.one.app.merchant-settings.ConnectProviderScreen": "@wix/wix-one-app-merchant-settings",
  "wix.one.app.merchant-settings.ManageProviderScreen": "@wix/wix-one-app-merchant-settings",
  "wix.one.app.merchant-settings.RichContentEditorScreen": "@wix/wix-one-app-merchant-settings",
  "wix.one.app.merchant-settings.ConfirmationScreen": "@wix/wix-one-app-merchant-settings",
  "wix.one.app.merchant-settings.ConfirmSwitchProviderScreen": "@wix/wix-one-app-merchant-settings",
  "wix.one.app.merchant-settings.PremiumPopupScreen": "@wix/wix-one-app-merchant-settings",
  "wix.one.app.merchant-settings.PaymentsListScreen": "@wix/wix-one-app-merchant-settings",
  "wix.one.app.merchant-settings.PaymentsFilterScreen": "@wix/wix-one-app-merchant-settings",
  "wix.one.app.merchant-settings.WixPayoutsScreen": "@wix/wix-one-app-merchant-settings",
  "wix.one.app.merchant-settings.PaymentsListItemScreen": "@wix/wix-one-app-merchant-settings",
  "wix.one.app.merchant-settings.PaymentOrderDetailsScreen": "@wix/wix-one-app-merchant-settings",
  "wix.one.app.merchant-settings.PaymentsWidget": "@wix/wix-one-app-merchant-settings",
  "wix.one.app.merchant-settings.PaymentsWidgetSkeleton": "@wix/wix-one-app-merchant-settings",
  "wix.one.app.merchant-settings.WixPayoutsWidget": "@wix/wix-one-app-merchant-settings",
  "wix.one.app.merchant-settings.ConfiguratorScreen": "@wix/wix-one-app-merchant-settings",
  "shoutout.Home": "@wix/wix-one-app-email-marketing",
  "shoutout.TemplatesWrap": "@wix/wix-one-app-email-marketing",
  "shoutout.Composer": "@wix/wix-one-app-email-marketing",
  "shoutout.Preview": "@wix/wix-one-app-email-marketing",
  "shoutout.Recipients": "@wix/wix-one-app-email-marketing",
  "shoutout.SenderSetup": "@wix/wix-one-app-email-marketing",
  "shoutout.ShareOnSocial": "@wix/wix-one-app-email-marketing",
  "shoutout.EmailVerification": "@wix/wix-one-app-email-marketing",
  "shoutout.SendTestEmail": "@wix/wix-one-app-email-marketing",
  "shoutout.CampaignStats": "@wix/wix-one-app-email-marketing",
  "shoutout.Contacts": "@wix/wix-one-app-email-marketing",
  "shoutout.Balance": "@wix/wix-one-app-email-marketing",
  "shoutout.Publish": "@wix/wix-one-app-email-marketing",
  "shoutout.AddLink": "@wix/wix-one-app-email-marketing",
  "shoutout.GetMoreCampaigns": "@wix/wix-one-app-email-marketing",
  "shoutout.WebScreen": "@wix/wix-one-app-email-marketing",
  "shoutout.StoryBook": "@wix/wix-one-app-email-marketing",
  "shoutout.WidgetCard": "@wix/wix-one-app-email-marketing",
  "progallery.screen.Galleries": "@wix/wix-one-app-pro-gallery",
  "progallery.Galleries": "@wix/wix-one-app-pro-gallery",
  "progallery.screen.Gallery": "@wix/wix-one-app-pro-gallery",
  "progallery.screen.ViewMedia": "@wix/wix-one-app-pro-gallery",
  "progallery.screen.ViewMediaNotification": "@wix/wix-one-app-pro-gallery",
  "progallery.screen.Manager": "@wix/wix-one-app-pro-gallery",
  "progallery.screen.EditGallery": "@wix/wix-one-app-pro-gallery",
  "progallery.screen.CreateGAllery": "@wix/wix-one-app-pro-gallery",
  "progallery.screen.EditGalleries": "@wix/wix-one-app-pro-gallery",
  "progallery.screen.WebView": "@wix/wix-one-app-pro-gallery",
  "progallery.screen.ManageMedia": "@wix/wix-one-app-pro-gallery",
  "progallery.screen.EditMedia": "@wix/wix-one-app-pro-gallery",
  "progallery.screen.ManageMediaSettings": "@wix/wix-one-app-pro-gallery",
  "progallery.component.ManageGalleries": "@wix/wix-one-app-pro-gallery",
  "progallery.component.ManageMedia": "@wix/wix-one-app-pro-gallery",
  "progallery.component.EditGalleries": "@wix/wix-one-app-pro-gallery",
  "Pages.PageClientScreen": "@wix/wix-one-app-pages",
  "Pages.SectionPageClientScreen": "@wix/wix-one-app-pages",
  "Pages.StandalonePageScreen": "@wix/wix-one-app-pages",
  "Pages.PageManagerScreen": "@wix/wix-one-app-pages",
  "Pages.LinkViewer": "@wix/wix-one-app-pages",
  "Pages.RenamePageScreen": "@wix/wix-one-app-pages",
  "Pages.EditPageScreen": "@wix/wix-one-app-pages",
  "Pages.FteWelcome": "@wix/wix-one-app-pages",
  "Pages.AddSuccess": "@wix/wix-one-app-pages",
  "Pages.LoaderOverlay": "@wix/wix-one-app-pages",
  "Pages.SettingsPage": "@wix/wix-one-app-pages",
  "Pages.ContentEditorPage": "@wix/wix-one-app-pages",
  "woaAnalytics.InsightsTabsNew": "@wix/wix-one-app-analytics",
  "woaAnalytics.PlatformEntryInsightTab": "@wix/wix-one-app-analytics",
  "woaAnalytics.skeleton": "@wix/wix-one-app-analytics",
  "woaAnalytics.newAnalyticsDashboardSkeleton": "@wix/wix-one-app-analytics",
  "woaAnalytics.trafficBreakdown": "@wix/wix-one-app-analytics",
  "woaAnalytics.bookingsBreakdown": "@wix/wix-one-app-analytics",
  "woaAnalytics.FullReport": "@wix/wix-one-app-analytics",
  "woaAnalytics.fullReportItemPage": "@wix/wix-one-app-analytics",
  "woaAnalytics.storesTopProducts": "@wix/wix-one-app-analytics",
  "woaAnalytics.storesOvertime": "@wix/wix-one-app-analytics",
  "woaAnalytics.blogOvertime": "@wix/wix-one-app-analytics",
  "woaAnalytics.blogRecentPost": "@wix/wix-one-app-analytics",
  "woaAnalytics.blogMostViewedPosts": "@wix/wix-one-app-analytics",
  "woaAnalytics.lookerReports": "@wix/wix-one-app-analytics",
  "woaAnalytics.PlatformLookerReports": "@wix/wix-one-app-analytics",
  "woaAnalytics.lookerDashboard": "@wix/wix-one-app-analytics",
  "woaAnalytics.lookerDashboardOverView": "@wix/wix-one-app-analytics",
  "woaAnalytics.PlatformLookerDashboardOverView": "@wix/wix-one-app-analytics",
  "woaAnalytics.newAnalyticsDashboard": "@wix/wix-one-app-analytics",
  "woaAnalytics.customizeLookerDashboard": "@wix/wix-one-app-analytics",
  "woaAnalytics.addLookerDashboard": "@wix/wix-one-app-analytics",
  "woaAnalytics.website": "@wix/wix-one-app-analytics",
  "woaAnalytics.manageAlerts": "@wix/wix-one-app-analytics",
  "woaAnalytics.managePlatformAlerts": "@wix/wix-one-app-analytics",
  "woaAnalytics.createOrEditAlertModal": "@wix/wix-one-app-analytics",
  "woaAnalytics.analyticsInsights": "@wix/wix-one-app-analytics",
  "woaAnalytics.PlatformAnalyticsInsights": "@wix/wix-one-app-analytics",
  "woaAnalytics.singleLookerDashboard": "@wix/wix-one-app-analytics",
  "woaAnalytics.benchmarks": "@wix/wix-one-app-analytics",
  "woaAnalytics.benchmarkIndustryModal": "@wix/wix-one-app-analytics",
  "wix-one-app-achievements.MemberChallengesScreen": "@wix/wix-one-app-achievements",
  "wix-one-app-achievements.ChallengesSectionDisplaySettings": "@wix/wix-one-app-achievements",
  "wix-one-app-achievements.MemberChallengesWixScreen": "@wix/wix-one-app-achievements",
  "wix-one-app-achievements.ParticipantChallengesScreen": "@wix/wix-one-app-achievements",
  "wix-one-app-achievements.ChallengeDescriptionScreen": "@wix/wix-one-app-achievements",
  "wix-one-app-achievements.OwnerChallengesScreen": "@wix/wix-one-app-achievements",
  "wix-one-app-achievements.OwnerChallengeScreen": "@wix/wix-one-app-achievements",
  "wix-one-app-achievements.OwnerChallengeParticipants": "@wix/wix-one-app-achievements",
  "wix-one-app-achievements.NotificationOwnerChallenge": "@wix/wix-one-app-achievements",
  "wix-one-app-achievements.NotificationOwnerChallengeApprovals": "@wix/wix-one-app-achievements",
  "wix-one-app-achievements.NotificationOwnerChallengeParticipantActivity": "@wix/wix-one-app-achievements",
  "wix-one-app-achievements.NotificationOwnerChallengeParticipants": "@wix/wix-one-app-achievements",
  "wix-one-app-achievements.NotificationOwnerChallenges": "@wix/wix-one-app-achievements",
  "wix-one-app-achievements.ChallengeFormScreen": "@wix/wix-one-app-achievements",
  "wix-one-app-achievements.ChallengeOnboardingScreen": "@wix/wix-one-app-achievements",
  "wix-one-app-achievements.EditDescriptionScreen": "@wix/wix-one-app-achievements",
  "wix-one-app-achievements.MemberChallengeScreen": "@wix/wix-one-app-achievements",
  "wix-one-app-achievements.CreateStepScreen": "@wix/wix-one-app-achievements",
  "wix-one-app-achievements.EditStepDescription": "@wix/wix-one-app-achievements",
  "wix-one-app-achievements.ChallengeStepsWixScreen": "@wix/wix-one-app-achievements",
  "wix-one-app-achievements.StepCompleteScreen": "@wix/wix-one-app-achievements",
  "wix-one-app-achievements.PlatformChallengeCreate": "@wix/wix-one-app-achievements",
  "wix-one-app-achievements.ChallengeTemplateSelection": "@wix/wix-one-app-achievements",
  "wix-one-app-achievements.ChallengeCategorySelection": "@wix/wix-one-app-achievements",
  "wix-one-app-achievements.ownerChallengeInviteScreen": "@wix/wix-one-app-achievements",
  "wix-one-app-achievements.SubmitChangesChallengeScreen": "@wix/wix-one-app-achievements",
  "wix-one-app-achievements.SavedAsDraftChallengeScreen": "@wix/wix-one-app-achievements",
  "wix-one-app-achievements.SuccessfullyPublishedChallengeScreen": "@wix/wix-one-app-achievements",
  "wix-one-app-achievements.ChallengePublishingScreen": "@wix/wix-one-app-achievements",
  "wix-one-app-achievements.ChallengeApprovalsScreen": "@wix/wix-one-app-achievements",
  "wix-one-app-achievements.MemberChallengeState": "@wix/wix-one-app-achievements",
  "wix-one-app-achievements.NotificationMemberChallengeState": "@wix/wix-one-app-achievements",
  "wix-one-app-achievements.NotificationMemberChallengeDeclined": "@wix/wix-one-app-achievements",
  "wix-one-app-achievements.NotificationMemberChallengeEnded": "@wix/wix-one-app-achievements",
  "wix-one-app-achievements.NotificationMemberChallengeComplete": "@wix/wix-one-app-achievements",
  "wix-one-app-achievements.NotificationMemberChallengeStepList": "@wix/wix-one-app-achievements",
  "wix-one-app-achievements.NotificationMemberChallengeParticipantSection": "@wix/wix-one-app-achievements",
  "wix-one-app-achievements.ParticipantPage": "@wix/wix-one-app-achievements",
  "wix-one-app-achievements.StepCompletedScreen": "@wix/wix-one-app-achievements",
  "wix-one-app-achievements.ChallengeCompletedScreen": "@wix/wix-one-app-achievements",
  "wix-one-app-achievements.ChallengeOverScreen": "@wix/wix-one-app-achievements",
  "wix-one-app-achievements.FeedbackPromptScreen": "@wix/wix-one-app-achievements",
  "wix-one-app-achievements.FirstDayCompletedScreen": "@wix/wix-one-app-achievements",
  "wix-one-app-achievements.FirstWeekCompletedScreen": "@wix/wix-one-app-achievements",
  "wix-one-app-achievements.ShareFeedbackPromptScreen": "@wix/wix-one-app-achievements",
  "wix-one-app-achievements.OwnerWelcomeScreen": "@wix/wix-one-app-achievements",
  "wix-one-app-achievements.MemberFeedbackFormScreen": "@wix/wix-one-app-achievements",
  "wix-one-app-achievements.StepFeedbackScreen": "@wix/wix-one-app-achievements",
  "wix-one-app-achievements.PaymentFailedScreen": "@wix/wix-one-app-achievements",
  "wix-one-app-achievements.NoPaymentMethodsState": "@wix/wix-one-app-achievements",
  "wix-one-app-achievements.ConnectChallengeToPaidPlan": "@wix/wix-one-app-achievements",
  "wix-one-app-achievements.SelectPaymentOptionScreen": "@wix/wix-one-app-achievements",
  "wix-one-app-achievements.PickChallengeStartDateScreen": "@wix/wix-one-app-achievements",
  "wix-one-app-achievements.OwnerQuestionnaire": "@wix/wix-one-app-achievements",
  "wix-one-app-achievements.OwnerQuestionnairePreview": "@wix/wix-one-app-achievements",
  "wix-one-app-achievements.OwnerQuestionnaireQuestion": "@wix/wix-one-app-achievements",
  "wix-one-app-achievements.OwnerQuestionnaireQuestionChoiceOption": "@wix/wix-one-app-achievements",
  "wix-one-app-achievements.UserChallengesScreen": "@wix/wix-one-app-achievements",
  "wix-one-app-achievements.OwnerSectionsScreen": "@wix/wix-one-app-achievements",
  "wix-one-app-achievements.OwnerSectionScreen": "@wix/wix-one-app-achievements",
  "wix-one-app-achievements.MemberSectionScreen": "@wix/wix-one-app-achievements",
  "wix-one-app-achievements.CreateSectionScreen": "@wix/wix-one-app-achievements",
  "wix-one-app-achievements.SectionStepSectionScreen": "@wix/wix-one-app-achievements",
  "wix-one-app-achievements.EditSectionDescription": "@wix/wix-one-app-achievements",
  "wix-one-app-achievements.StepPreview": "@wix/wix-one-app-achievements",
  "wix-one-app-achievements.AdminChallengesSkeleton": "@wix/wix-one-app-achievements",
  "wix-one-app-achievements.AdminChallengesWidget": "@wix/wix-one-app-achievements",
  "wix-one-app-achievements.SectionMemberChallengesScreen": "@wix/wix-one-app-achievements",
  "wix-one-app-achievements.MemberChallengesCarousel": "@wix/wix-one-app-achievements",
  "wix-one-app-achievements.ChallengesSectionSettings": "@wix/wix-one-app-achievements",
  "wix-one-app-achievements.ParticipantChallengesCarousel": "@wix/wix-one-app-achievements",
  "wix.discovery.ExplorerHome": "@wix/wix-one-app-discovery",
  "wix.discovery.FindMyOtherPlaces": "@wix/wix-one-app-discovery",
  "wix.discovery.OtherPlacesResult": "@wix/wix-one-app-discovery",
  "wix.discovery.GenericToast": "@wix/wix-one-app-discovery",
  "wix.discovery.Magazine": "@wix/wix-one-app-discovery",
  "wix.discovery.InterestPicker": "@wix/wix-one-app-discovery",
  "wix.discovery.InterestEdit": "@wix/wix-one-app-discovery",
  "wix.discovery.NotificationSettings": "@wix/wix-one-app-discovery",
  "wix.discovery.HomeWidget": "@wix/wix-one-app-discovery",
  "wix.discovery.JoinScreen": "@wix/wix-one-app-discovery",
  "photoalbums.Albums": "@wix/wix-one-photo-albums",
  "photoalbums.Manager": "@wix/wix-one-photo-albums",
  "photoalbums.ManageAlbum": "@wix/wix-one-photo-albums",
  "photoalbums.ManageAlbumInfo": "@wix/wix-one-photo-albums",
  "photoalbums.ManageAlbumGalleries": "@wix/wix-one-photo-albums",
  "photoalbums.ManageAlbumGalleryMedia": "@wix/wix-one-photo-albums",
  "photoalbums.ManageAlbumGalleriesSettings": "@wix/wix-one-photo-albums",
  "photoalbums.ManageAlbumPermissions": "@wix/wix-one-photo-albums",
  "photoalbums.ManageAlbumSettings": "@wix/wix-one-photo-albums",
  "photoalbums.DraftAlbumMessage": "@wix/wix-one-photo-albums",
  "photoalbums.AlbumGallery": "@wix/wix-one-photo-albums",
  "photoalbums.PhotosScreen": "@wix/wix-one-photo-albums",
  "photoalbums.ManageAlbumProofing": "@wix/wix-one-photo-albums",
  "photoalbums.ManageAlbumProofingSettings": "@wix/wix-one-photo-albums",
  "photoalbums.ManageAlbumProofingNotification": "@wix/wix-one-photo-albums",
  "virtual-numbers.onboarding-screen": "@wix/wix-one-app-virtual-numbers",
  "virtual-numbers.business-hours-screen": "@wix/wix-one-app-virtual-numbers",
  "virtual-numbers.caller-id-screen": "@wix/wix-one-app-virtual-numbers",
  "virtual-numbers.ring-duration-modal": "@wix/wix-one-app-virtual-numbers",
  "virtual-numbers.voicemail-screen": "@wix/wix-one-app-virtual-numbers",
  "virtual-numbers.change-voicemail-screen": "@wix/wix-one-app-virtual-numbers",
  "virtual-numbers.default-voicemail-modal": "@wix/wix-one-app-virtual-numbers",
  "virtual-numbers.text-to-speech-voicemail-modal": "@wix/wix-one-app-virtual-numbers",
  "virtual-numbers.record-voicemail-modal": "@wix/wix-one-app-virtual-numbers",
  "virtual-numbers.call-forwarding-screen": "@wix/wix-one-app-virtual-numbers",
  "virtual-numbers.manage.screen": "@wix/wix-one-app-virtual-numbers",
  "virtual-numbers.outgoing-call-modal": "@wix/wix-one-app-virtual-numbers",
  "virtual-numbers.dialer-screen": "@wix/wix-one-app-virtual-numbers",
  "virtual-numbers.call-quick-action-modal": "@wix/wix-one-app-virtual-numbers",
  "virtual-numbers.general-settings.screen": "@wix/wix-one-app-virtual-numbers",
  "virtual-numbers.call-screening-modal": "@wix/wix-one-app-virtual-numbers",
  "virtual-numbers.call-recording-modal": "@wix/wix-one-app-virtual-numbers",
  "virtual-numbers.call-forwarding-agents-modal": "@wix/wix-one-app-virtual-numbers",
  "virtual-numbers.blocked-numbers-modal": "@wix/wix-one-app-virtual-numbers",
  "virtual-numbers.call-hours-screen": "@wix/wix-one-app-virtual-numbers",
  "virtual-numbers.calls-list-screen": "@wix/wix-one-app-virtual-numbers",
  "virtual-numbers.missed-calls-widget": "@wix/wix-one-app-virtual-numbers",
  "restaurants.orders.managerApps.ManageOrders": "@wix/wix-one-app-restaurants",
  "restaurants.orders.managerApps.OrderDetails": "@wix/wix-one-app-restaurants",
  "restaurants.orders.managerApps.NewOrderDetails": "@wix/wix-one-app-restaurants",
  "restaurants.orders.managerApps.OrdersDeliveryAreasSettings": "@wix/wix-one-app-restaurants",
  "restaurants.orders.managerApps.NewOrdersSettings": "@wix/wix-one-app-restaurants",
  "restaurants.orders.managerApps.OrdersPauseOloMessage": "@wix/wix-one-app-restaurants",
  "restaurants.orders.managerApps.OrdersPickupSettings": "@wix/wix-one-app-restaurants",
  "restaurants.orders.managerApps.OrdersPickupTime": "@wix/wix-one-app-restaurants",
  "restaurants.orders.managerApps.OrdersPickupMinimumOrderPrice": "@wix/wix-one-app-restaurants",
  "restaurants.orders.managerApps.OrdersPrintSettings": "@wix/wix-one-app-restaurants",
  "restaurants.WebViewScreen": "@wix/wix-one-app-restaurants",
  "restaurants.reservations.managerApps.ReservationsPartySizeScreen": "@wix/wix-one-app-restaurants",
  "restaurants.reservations.managerApps.ReservationsAdvanceNoticeScreen": "@wix/wix-one-app-restaurants",
  "restaurants.reservations.managerApps.ReservationsGracePeriodScreen": "@wix/wix-one-app-restaurants",
  "restaurants.menus.managerApps.MainMenuList": "@wix/wix-one-app-restaurants",
  "restaurants.menus.managerApps.MenuSectionList": "@wix/wix-one-app-restaurants",
  "restaurants.menus.managerApps.SectionDishList": "@wix/wix-one-app-restaurants",
  "restaurants.menus.managerApps.DishDetails": "@wix/wix-one-app-restaurants",
  "restaurants.menus.managerApps.MenusSearchModal": "@wix/wix-one-app-restaurants",
  "restaurants.reservations.managerApps.ManageReservations": "@wix/wix-one-app-restaurants",
  "restaurants.reservations.managerApps.CommunicationScreen": "@wix/wix-one-app-restaurants",
  "restaurants.orders.managerApps.RejectOrder": "@wix/wix-one-app-restaurants",
  "restaurants.reservations.managerApps.ManageReservationsSettings": "@wix/wix-one-app-restaurants",
  "restaurants.reservations.managerApps.ReservationsConfirmationType": "@wix/wix-one-app-restaurants",
  "restaurants.reservations.managerApps.ReservationDetailsScreen": "@wix/wix-one-app-restaurants",
  "restaurants.reservations.managerApps.NewReservationDetailsScreen": "@wix/wix-one-app-restaurants",
  "restaurants.reservations.managerApps.OpenReservationsWidget": "@wix/wix-one-app-restaurants",
  "restaurants.orders.managerApps.OrdersWidget": "@wix/wix-one-app-restaurants",
  "facebookAds.Campaign": "@wix/wix-one-app-facebook-ads",
  "facebookAds.WebScreen": "@wix/wix-one-app-facebook-ads",
  "facebookAds.Storybook": "@wix/wix-one-app-facebook-ads",
  "facebookAds.FeaturePreview": "@wix/wix-one-app-facebook-ads",
  "artstore.screen.Manager": "@wix/wix-one-art-store",
  "artstore.screen.ManageOrders": "@wix/wix-one-art-store",
  "artstore.screen.ManageOrder": "@wix/wix-one-art-store",
  "artstore.screen.ManageOrdersSearch": "@wix/wix-one-art-store",
  "artstore.screen.notification.ManageOrder": "@wix/wix-one-art-store",
  "woaMarketing.dashboardCards": "@wix/wix-one-app-marketing",
  "woaMarketing.skeleton": "@wix/wix-one-app-marketing",
  "woaMarketing.StoryBook": "@wix/wix-one-app-marketing",
  "woaMarketing.PromoteInChannels": "@wix/wix-one-app-marketing",
  "wix-one-app-shared-gallery.HOME": "@wix/wix-one-app-shared-gallery",
  "wix-one-app-shared-gallery.ALBUM_PAGE": "@wix/wix-one-app-shared-gallery",
  "wix-one-app-shared-gallery.SHARE_ALBUM_PAGE": "@wix/wix-one-app-shared-gallery",
  "wix-one-app-shared-gallery.IMAGE_PAGE": "@wix/wix-one-app-shared-gallery",
  "wix-one-app-shared-gallery.SHARE_IMAGE_PAGE": "@wix/wix-one-app-shared-gallery",
  "wix-one-app-shared-gallery.CREATE_ALBUM_PAGE": "@wix/wix-one-app-shared-gallery",
  "wix-one-app-shared-gallery.CREATE_ALBUM_METHOD": "@wix/wix-one-app-shared-gallery",
  "wix-one-app-shared-gallery.TAG_MEMBER_PAGE": "@wix/wix-one-app-shared-gallery",
  "wix-one-app-shared-gallery.TAGGED_MEMBER_PAGE": "@wix/wix-one-app-shared-gallery",
  "wix-one-app-shared-gallery.TAG_NEW_CONTACT_PAGE": "@wix/wix-one-app-shared-gallery",
  "wix-one-app-shared-gallery.SELECT_REACTION": "@wix/wix-one-app-shared-gallery",
  "wix-one-app-shared-gallery.REACTIONS_HISTORY": "@wix/wix-one-app-shared-gallery",
  "wix-one-app-shared-gallery.DASHBOARD_HOME": "@wix/wix-one-app-shared-gallery",
  "wix-one-app-shared-gallery.EDIT_DESCRIPTION_PAGE": "@wix/wix-one-app-shared-gallery",
  "wix-one-app-shared-gallery.SECTION_SETTINGS": "@wix/wix-one-app-shared-gallery",
  "wix-one-app-shared-gallery.SECTION_VIEW": "@wix/wix-one-app-shared-gallery",
  "wix-one-app-shared-gallery.ALBUM_CAROUSEL": "@wix/wix-one-app-shared-gallery",
  "wix.auth.LoginRoot": "@wix/wix-one-app-auth",
  "wix.auth.WelcomeScreen": "@wix/wix-one-app-auth",
  "wix.auth.SelectAuthMethodScreen": "@wix/wix-one-app-auth",
  "wix.auth.CreatePasswordScreen": "@wix/wix-one-app-auth",
  "wix.auth.VerifyPasswordScreen": "@wix/wix-one-app-auth",
  "wix.auth.ForgotPasswordScreen": "@wix/wix-one-app-auth",
  "wix.auth.TwoFactorAuthScreen": "@wix/wix-one-app-auth",
  "wix.auth.ConfirmAccountScreen": "@wix/wix-one-app-auth",
  "wix.auth.CaptchaScreen": "@wix/wix-one-app-auth",
  "wix.auth.MagicLinkSendScreen": "@wix/wix-one-app-auth",
  "wix.auth.MagicLinkInviteScreen": "@wix/wix-one-app-auth",
  "wix.auth.MagicLinkLoginScreen": "@wix/wix-one-app-auth",
  "wix.auth.ReloginWithPasswordScreen": "@wix/wix-one-app-auth",
  "wix.auth.EnterEmailScreen": "@wix/wix-one-app-auth",
  "wix.auth.ssoScreen": "@wix/wix-one-app-auth",
  "wix.auth.ResetPasswordRequired": "@wix/wix-one-app-auth",
  "wix.auth.AlreadySiteMemberWarning": "@wix/wix-one-app-auth",
  "wix.auth.PrivacyPolicyDisclaimer": "@wix/wix-one-app-auth",
  "wix.auth.MagicLinkSwitchUserSuccessScreen": "@wix/wix-one-app-auth",
  "wix.auth.ExternalLoginModal": "@wix/wix-one-app-auth",
  "wix.premium.PackagePicker": "@wix/wix-one-app-premium",
  "comments.screens.createComment": "@wix/wix-one-app-comments",
  "comments.screens.editComment": "@wix/wix-one-app-comments",
  "comments.components.commentsList": "@wix/wix-one-app-comments",
  "comments.components.commentInput": "@wix/wix-one-app-comments",
  "comments.components.commentItem": "@wix/wix-one-app-comments",
  "comments.components.commentsConfigProvider": "@wix/wix-one-app-comments",
  "comments.components.commentsListScrollContainer": "@wix/wix-one-app-comments",
  "wix.memberView.main": "@wix/wix-one-app-member-view",
  "wix.memberView.mainComponent": "@wix/wix-one-app-member-view",
  "wix.memberView.asComponent": "@wix/wix-one-app-member-view",
  "wix.memberView.asScreen": "@wix/wix-one-app-member-view",
  "wix.memberView.NMVDiscovery": "@wix/wix-one-app-member-view",
  "wix.memberView.editorFTE": "@wix/wix-one-app-member-view",
  "wix.memberView.editor": "@wix/wix-one-app-member-view",
  "wix.memberView.editor.editHeader": "@wix/wix-one-app-member-view",
  "wix.memberView.editor.editTabs": "@wix/wix-one-app-member-view",
  "wix.memberView.editor.Permissions": "@wix/wix-one-app-member-view",
  "wix.memberView.editor.editWelcomeMessage": "@wix/wix-one-app-member-view",
  "wix.memberView.editPlaceCard": "@wix/wix-one-app-member-view",
  "wix.memberView.editHeader.logoMakerWebView": "@wix/wix-one-app-member-view",
  "wix.memberView.editor.RenameTab": "@wix/wix-one-app-member-view",
  "wix.memberView.editor.catalog": "@wix/wix-one-app-member-view",
  "wix.memberView.editor.settings": "@wix/wix-one-app-member-view",
  "wix.memberView.generalInfoScreen": "@wix/wix-one-app-member-view",
  "wix.memberView.general.contact_section": "@wix/wix-one-app-member-view",
  "wix.memberView.general.contact_section.settings": "@wix/wix-one-app-member-view",
  "wix.memberView.general.announcement_section": "@wix/wix-one-app-member-view",
  "wix.memberView.general.announcement_section.settings": "@wix/wix-one-app-member-view",
  "wix.memberView.general.upcoming_section": "@wix/wix-one-app-member-view",
  "wix.memberView.general.upcoming_section.settings": "@wix/wix-one-app-member-view",
  "wix.memberView.FullAgenda": "@wix/wix-one-app-member-view",
  "wix.memberView.general.content_section": "@wix/wix-one-app-member-view",
  "wix.memberView.general.content_section.settings": "@wix/wix-one-app-member-view",
  "wix.memberView.elements.divider_section": "@wix/wix-one-app-member-view",
  "wix.memberView.elements.divider_section.settings": "@wix/wix-one-app-member-view",
  "wix.memberView.elements.video_section": "@wix/wix-one-app-member-view",
  "wix.memberView.elements.video_section.settings": "@wix/wix-one-app-member-view",
  "wix.memberView.elements.image_section": "@wix/wix-one-app-member-view",
  "wix.memberView.elements.image_section.settings": "@wix/wix-one-app-member-view",
  "wix.memberView.elements.button_section": "@wix/wix-one-app-member-view",
  "wix.memberView.elements.button_section.settings": "@wix/wix-one-app-member-view",
  "wix.memberView.elements.title_section": "@wix/wix-one-app-member-view",
  "wix.memberView.elements.title_section.settings": "@wix/wix-one-app-member-view",
  "wix.memberView.aboutTabRichContentEditModal": "@wix/wix-one-app-member-view",
  "wix.memberView.announcementsListScreen": "@wix/wix-one-app-member-view",
  "wix.memberView.announcementDetailsModal": "@wix/wix-one-app-member-view",
  "wix.memberView.stateScreen": "@wix/wix-one-app-member-view",
  "wix.memberView.editUpdateMessage": "@wix/wix-one-app-member-view",
  "wix.memberView.announcementViewer": "@wix/wix-one-app-member-view",
  "wix.memberView.announcementPreview": "@wix/wix-one-app-member-view",
  "wix.memberView.announcementFullScreen": "@wix/wix-one-app-member-view",
  "wix.memberView.announcementWidget": "@wix/wix-one-app-member-view",
  "wix.memberView.updateMessage": "@wix/wix-one-app-member-view",
  "wix.memberView.topBarBadgedButton": "@wix/wix-one-app-member-view",
  "wix.memberView.mobilePlaceStrength": "@wix/wix-one-app-member-view",
  "brandedApps.home": "@wix/wix-one-app-branded-app",
  "brandedApps.devUtils": "@wix/wix-one-app-branded-app",
  "brandedApps.GenericToast": "@wix/wix-one-app-branded-app",
  "brandedApps.SiteSelector": "@wix/wix-one-app-branded-app",
  "brandedApps.ChatButton": "@wix/wix-one-app-branded-app",
  "brandedApps.AvatarButton": "@wix/wix-one-app-branded-app",
  "brandedApps.settings": "@wix/wix-one-app-branded-app",
  "restaurants.orders.OrderScreen": "@wix/one-app-restaurants-member",
  "restaurants.orders.DishScreen": "@wix/one-app-restaurants-member",
  "restaurants.orders.MyOrdersHistoryScreen": "@wix/one-app-restaurants-member",
  "restaurants.orders.OrderDetailsScreen": "@wix/one-app-restaurants-member",
  "restaurants.orders.DispatchTypeScreen": "@wix/one-app-restaurants-member",
  "restaurants.cart.CartScreen": "@wix/one-app-restaurants-member",
  "restaurants.checkout.CheckoutScreen": "@wix/one-app-restaurants-member",
  "restaurants.orders.MyOrdersComponent": "@wix/one-app-restaurants-member",
  "restaurants.orders.OrderCardComponent": "@wix/one-app-restaurants-member",
  "restaurants.checkout.CheckoutOrderPolicyModal": "@wix/one-app-restaurants-member",
  "restaurants.checkout.PurchaseComponent": "@wix/one-app-restaurants-member",
  "restaurants.orders.ShortOrdersSection": "@wix/one-app-restaurants-member",
  "restaurants.checkout.LoaderScreen": "@wix/one-app-restaurants-member",
  "restaurants.navigation.TopBarBadgeComponent": "@wix/one-app-restaurants-member",
  "vod.HomeScreen": "@wix/wix-one-app-vod",
  "vod.VideoMultiselectManagerScreen": "@wix/wix-one-app-vod",
  "vod.VideoDetailsScreen": "@wix/wix-one-app-vod",
  "vod.ChannelDetailsScreen": "@wix/wix-one-app-vod",
  "vod.ChannelListScreen": "@wix/wix-one-app-vod",
  "vod.ChannelManagerScreen": "@wix/wix-one-app-vod",
  "vod.PurchaseScreen": "@wix/wix-one-app-vod",
  "vod.ManagerHomeScreen": "@wix/wix-one-app-vod",
  "vod.ChannelDetailsManagerScreen": "@wix/wix-one-app-vod",
  "vod.VideoDetailsManagerScreen": "@wix/wix-one-app-vod",
  "vod.VideoCoverSelectionScreen": "@wix/wix-one-app-vod",
  "vod.VideoChannelsSelectionScreen": "@wix/wix-one-app-vod",
  "vod.ChannelAddVideosScreen": "@wix/wix-one-app-vod",
  "vod.ChannelManageVideosScreen": "@wix/wix-one-app-vod",
  "vod.PricingPlansManageScreen": "@wix/wix-one-app-vod",
  "vod.VideoCarouselManageScreen": "@wix/wix-one-app-vod",
  "vod.VideoCarouselMemberView": "@wix/wix-one-app-vod",
  "vod.AddSocialVideoScreen": "@wix/wix-one-app-vod",
  "wix.one.app.wix-food.MenuScreen": "@wix/wix-one-app-wix-food",
  "wix.one.app.wix-food.DishDescriptionScreen": "@wix/wix-one-app-wix-food",
  "wix.one.app.wix-food.UserInfoScreen": "@wix/wix-one-app-wix-food",
  "wix.one.app.wix-food.SupplierInfoScreen": "@wix/wix-one-app-wix-food",
  "wix.one.app.wix-food.AddDishScreen": "@wix/wix-one-app-wix-food",
  "wix.one.app.wix-food.CompanyOrderScreen": "@wix/wix-one-app-wix-food",
  "wix.one.app.wix-food.SectionEntryScreen": "@wix/wix-one-app-wix-food",
  "wix.one.app.wix-food.AdminControlScreen": "@wix/wix-one-app-wix-food",
  "wix.one.app.wix-food.AddNewTestUserScreen": "@wix/wix-one-app-wix-food",
  "selections.Selections": "@wix/wix-one-app-selections",
  "selections.CollectionsNotification": "@wix/wix-one-app-selections",
  "selections.CreateCollection": "@wix/wix-one-app-selections",
  "selections.EditCollection": "@wix/wix-one-app-selections",
  "selections.CollectionPost": "@wix/wix-one-app-selections",
  "selections.Collection": "@wix/wix-one-app-selections",
  "selections.InviteLandingPage": "@wix/wix-one-app-selections",
  "selections.AddMedia": "@wix/wix-one-app-selections",
  "selections.CollectionManagerScreen": "@wix/wix-one-app-selections",
  "selections.CreationSuccessfulScreen": "@wix/wix-one-app-selections",
  "selections.component.SelectionActionSheet": "@wix/wix-one-app-selections",
  "woa-member-reservations.ReserveTable": "@wix/wix-one-app-member-reservations",
  "woa-member-reservations.ReservationUserDetails": "@wix/wix-one-app-member-reservations",
  "woa-member-reservations.CancelReservation": "@wix/wix-one-app-member-reservations",
  "woa-member-reservations.CancelReservationState": "@wix/wix-one-app-member-reservations",
  "woa-member-reservations.ReservationConfirmed": "@wix/wix-one-app-member-reservations",
  "woa-member-reservations.MyReservations": "@wix/wix-one-app-member-reservations",
  "woa-member-reservations.ReservationSmsValidation": "@wix/wix-one-app-member-reservations",
  "woa-member-reservations.Website": "@wix/wix-one-app-member-reservations",
  "woa-member-reservations.PolicyScreen": "@wix/wix-one-app-member-reservations",
  "woa-member-reservations.ReserveTableWrapper": "@wix/wix-one-app-member-reservations",
  "woa-member-reservations.SectionMemberReservation": "@wix/wix-one-app-member-reservations",
  "wix.addresses.Addresses": "@wix/wix-one-app-addresses",
  "wix.addresses.ChooseAddressScreen": "@wix/wix-one-app-addresses",
  "wix.addresses.AddressForm": "@wix/wix-one-app-addresses"
}